{"type":"Feature","properties":{"source":"U.S. Census Bureau, 2024 Cartographic Boundaries, 1:500,000"},"geometry":{"type":"MultiPolygon","coordinates":[[[[-73.982048,40.419993],[-73.97628,40.406042],[-73.974138,40.384713],[-73.971817,40.35427],[-73.977442,40.299373],[-73.981681,40.279411],[-73.993292,40.237669],[-74.0,40.21873821248547],[-74.0,40.41273628555283],[-73.995486,40.419472],[-73.991682,40.442908],[-73.994675,40.447174],[-74.0,40.44862131123508],[-74.0,40.472979116921024],[-73.986059,40.454427],[-73.983629,40.442418],[-73.982048,40.419993]]],[[[-73.7850237574773,40.8514487046934],[-73.782169,40.846718],[-73.78313,40.844495],[-73.781802,40.841067],[-73.781534,40.838948],[-73.783005,40.837463],[-73.784163,40.837105],[-73.785637,40.838021],[-73.791124,40.847185],[-73.789902,40.850364],[-73.792643,40.854799],[-73.790579,40.85854],[-73.788777,40.858433],[-73.787905,40.854078],[-73.7850237574773,40.8514487046934]]],[[[-73.768854,40.851731],[-73.76879,40.848156],[-73.767863,40.845692],[-73.769792,40.844967],[-73.77156,40.847161],[-73.772649,40.859464],[-73.770495,40.860144],[-73.765621,40.855657],[-73.765826,40.8547],[-73.76791,40.853525],[-73.768854,40.851731]]],[[[-73.784562,40.860301],[-73.784077,40.859397],[-73.786706,40.858769],[-73.787651,40.859733],[-73.786599,40.860445],[-73.784562,40.860301]]],[[[-73.772371,40.884793],[-73.771462,40.887452],[-73.770373,40.887804],[-73.76707,40.886032],[-73.768221,40.882624],[-73.767715,40.881038],[-73.769903,40.880021],[-73.774013,40.882641],[-73.772371,40.884793]]],[[[-74.0,44.0],[-69.13589136183843,44.0],[-69.135287,43.996957],[-69.138852,43.992682],[-69.141704,43.990117],[-69.141942,43.986526],[-69.131484,43.984303],[-69.126968,43.982764],[-69.123502,43.979015],[-69.125281,43.977915],[-69.131536,43.976089],[-69.144081,43.979514],[-69.14622,43.981567],[-69.149103,43.985845],[-69.149072,43.991656],[-69.153588,43.992169],[-69.156441,43.987381],[-69.160693,43.989168],[-69.162559,43.999003],[-69.168087,43.995418],[-69.170327,43.990844],[-69.17725,43.985575],[-69.17498,43.976949],[-69.182823,43.974896],[-69.183443,43.972533],[-69.181832,43.97055],[-69.185077,43.967736],[-69.184459,43.96178],[-69.184724,43.959671],[-69.191842,43.957877],[-69.19461,43.951986],[-69.203668,43.941806],[-69.211474,43.936979],[-69.210265,43.933983],[-69.212058,43.931093],[-69.214866,43.930751],[-69.22204,43.93366],[-69.229884,43.931606],[-69.237368,43.931596],[-69.244276,43.930399],[-69.24271,43.925465],[-69.254378,43.919704],[-69.261119,43.917388],[-69.268306,43.916732],[-69.273949,43.914215],[-69.279321,43.915685],[-69.279796,43.922362],[-69.274544,43.927897],[-69.273141,43.936399],[-69.270051,43.93965],[-69.267515,43.943667],[-69.276469,43.948378],[-69.280498,43.95744],[-69.283998,43.958569],[-69.288513,43.957665],[-69.29275,43.954539],[-69.294651,43.951629],[-69.307776,43.943451],[-69.314141,43.942389],[-69.317469,43.940506],[-69.319608,43.942902],[-69.319751,43.94487],[-69.312953,43.951458],[-69.305176,43.956676],[-69.304301,43.962068],[-69.306545,43.963082],[-69.310338,43.961211],[-69.313666,43.961382],[-69.31319,43.964633],[-69.325334,43.970941],[-69.328639,43.967199],[-69.333868,43.965659],[-69.330303,43.958645],[-69.323411,43.955052],[-69.322222,43.951116],[-69.327689,43.945811],[-69.332918,43.944956],[-69.336483,43.945983],[-69.340286,43.949747],[-69.345356,43.947235],[-69.345752,43.944271],[-69.349318,43.937426],[-69.354547,43.930237],[-69.360251,43.931606],[-69.362865,43.927498],[-69.365728,43.924876],[-69.375225,43.924588],[-69.374274,43.928354],[-69.367923,43.932071],[-69.361439,43.938281],[-69.364633,43.943472],[-69.362802,43.946174],[-69.357399,43.949918],[-69.355973,43.954538],[-69.351219,43.952998],[-69.34908,43.956934],[-69.348842,43.9595],[-69.346465,43.963093],[-69.33981,43.96583],[-69.330066,43.971817],[-69.331411,43.974311],[-69.335762,43.974404],[-69.341237,43.969251],[-69.345752,43.96908],[-69.34599,43.972501],[-69.3429,43.979685],[-69.34599,43.981567],[-69.350506,43.983448],[-69.353596,43.979514],[-69.35621,43.977291],[-69.354071,43.974896],[-69.354071,43.97233],[-69.366702,43.964755],[-69.368807,43.966343],[-69.371184,43.977462],[-69.366193,43.987723],[-69.36239,43.993879],[-69.366431,43.995247],[-69.374987,43.994734],[-69.379028,43.995418],[-69.380046,43.991093],[-69.379978,43.98721],[-69.381335,43.982847],[-69.384257,43.978488],[-69.384019,43.974212],[-69.389248,43.970791],[-69.394239,43.969422],[-69.398325,43.970694],[-69.39828,43.977633],[-69.399468,43.982422],[-69.406123,43.985842],[-69.416165,43.977267],[-69.419433,43.968225],[-69.423236,43.961553],[-69.428227,43.957276],[-69.430604,43.958302],[-69.431686,43.964546],[-69.427277,43.973015],[-69.426801,43.978317],[-69.437734,43.975751],[-69.442963,43.967541],[-69.4413,43.966343],[-69.441596,43.964254],[-69.447479,43.947352],[-69.45107,43.941955],[-69.450332,43.936227],[-69.45556,43.924759],[-69.459637,43.903316],[-69.462453,43.898047],[-69.475526,43.884002],[-69.483498,43.88028],[-69.482186,43.87861],[-69.486243,43.869118],[-69.492929,43.859765],[-69.49316,43.857085],[-69.496758,43.851312],[-69.49866,43.846203],[-69.50329,43.837673],[-69.506899,43.834817],[-69.509038,43.836017],[-69.514889,43.831298],[-69.516212,43.837222],[-69.513267,43.84479],[-69.515331,43.847232],[-69.517623,43.85704],[-69.521635,43.8607],[-69.522111,43.865327],[-69.519259,43.871153],[-69.525438,43.872181],[-69.525438,43.877149],[-69.531618,43.876807],[-69.536372,43.877321],[-69.540837,43.88066],[-69.543912,43.881615],[-69.54945,43.880012],[-69.550908,43.877971],[-69.550616,43.872579],[-69.548018,43.869782],[-69.545028,43.861241],[-69.547727,43.852078],[-69.548936,43.844613],[-69.551345,43.841331],[-69.550291,43.838266],[-69.551703,43.834628],[-69.555805,43.832688],[-69.558122,43.84066],[-69.564655,43.842188],[-69.568325,43.844449],[-69.572697,43.844012],[-69.575466,43.841972],[-69.576732,43.834258],[-69.578916,43.828816],[-69.578527,43.823316],[-69.579602,43.821571],[-69.585096,43.822128],[-69.585975,43.818451],[-69.592916,43.811382],[-69.604179,43.813551],[-69.605928,43.814862],[-69.605061,43.820585],[-69.606311,43.823434],[-69.604616,43.825793],[-69.598495,43.825502],[-69.592373,43.830895],[-69.594365,43.835845],[-69.591751,43.846131],[-69.589167,43.851299],[-69.591276,43.851959],[-69.594705,43.858878],[-69.604616,43.858004],[-69.606962,43.847674],[-69.612705,43.845801],[-69.615994,43.846817],[-69.617658,43.845274],[-69.614331,43.841674],[-69.613069,43.837453],[-69.61511,43.831623],[-69.616707,43.828987],[-69.621086,43.826814],[-69.623362,43.827272],[-69.624683,43.830811],[-69.629067,43.833102],[-69.630268,43.837016],[-69.630968,43.840131],[-69.629685,43.843429],[-69.625026,43.846131],[-69.627165,43.848874],[-69.63287,43.847845],[-69.638812,43.847845],[-69.639525,43.843903],[-69.641426,43.839103],[-69.645704,43.83636],[-69.649798,43.836287],[-69.650444,43.832608],[-69.648319,43.830016],[-69.645704,43.819384],[-69.64713,43.817669],[-69.649982,43.821785],[-69.65315,43.817194],[-69.65022,43.810981],[-69.650818,43.803785],[-69.653337,43.79103],[-69.652247,43.784311],[-69.655611,43.781039],[-69.661376,43.783385],[-69.664922,43.791033],[-69.6683,43.795192],[-69.668668,43.801399],[-69.678504,43.807036],[-69.682069,43.810809],[-69.685872,43.810123],[-69.685579,43.820546],[-69.689227,43.822565],[-69.690388,43.825386],[-69.687061,43.828301],[-69.686229,43.835229],[-69.68234,43.839898],[-69.685234,43.842308],[-69.684501,43.844057],[-69.681437,43.846476],[-69.681306,43.851692],[-69.680196,43.85645],[-69.685408,43.859865],[-69.687485,43.867701],[-69.684684,43.876121],[-69.684921,43.880576],[-69.687298,43.885372],[-69.685115,43.897015],[-69.678504,43.912774],[-69.6728,43.918938],[-69.671374,43.923561],[-69.677078,43.926984],[-69.680168,43.923389],[-69.684684,43.923903],[-69.688962,43.920821],[-69.691576,43.917226],[-69.692765,43.900103],[-69.695855,43.894965],[-69.696092,43.887428],[-69.698231,43.88109],[-69.698877,43.875946],[-69.701084,43.871667],[-69.704887,43.869096],[-69.70501,43.86275],[-69.701797,43.850759],[-69.702418,43.846092],[-69.70655,43.83516],[-69.704411,43.826758],[-69.705837,43.820413],[-69.714873,43.810264],[-69.717804,43.801047],[-69.717074,43.792403],[-69.721559,43.782],[-69.732933,43.772892],[-69.741014,43.769288],[-69.745872,43.761852],[-69.751635,43.748262],[-69.754091,43.743866],[-69.757417,43.743803],[-69.76597,43.745769],[-69.770724,43.737183],[-69.778633,43.73689],[-69.77833,43.742506],[-69.782845,43.742335],[-69.789976,43.739416],[-69.793541,43.735638],[-69.790309,43.732596],[-69.791402,43.730142],[-69.795918,43.731001],[-69.803048,43.729111],[-69.805663,43.726363],[-69.813031,43.727394],[-69.826579,43.722584],[-69.833471,43.717775],[-69.828955,43.70678],[-69.833471,43.701281],[-69.836799,43.699735],[-69.838194,43.701155],[-69.839704,43.705061],[-69.846617,43.706347],[-69.851297,43.703581],[-69.855081,43.704746],[-69.850347,43.717775],[-69.8551,43.718634],[-69.857927,43.723915],[-69.855595,43.73266],[-69.851535,43.739416],[-69.848683,43.742163],[-69.854625,43.744567],[-69.862706,43.743022],[-69.864845,43.735122],[-69.868637,43.731332],[-69.870255,43.730882],[-69.871116,43.731644],[-69.870585,43.736055],[-69.868673,43.742701],[-69.869081,43.747785],[-69.868913,43.753178],[-69.867748,43.755557],[-69.861517,43.759332],[-69.864701,43.764572],[-69.869123,43.766541],[-69.87089,43.764487],[-69.873058,43.766429],[-69.871738,43.773922],[-69.869361,43.777354],[-69.873401,43.778384],[-69.880555,43.776601],[-69.884066,43.778035],[-69.894871,43.774841],[-69.901804,43.771615],[-69.903824,43.774265],[-69.910242,43.777697],[-69.913522,43.774953],[-69.915593,43.775112],[-69.916421,43.777354],[-69.920859,43.777447],[-69.925216,43.781816],[-69.931871,43.783703],[-69.943459,43.765216],[-69.946408,43.764606],[-69.949547,43.767488],[-69.951028,43.772356],[-69.956255,43.772367],[-69.972304,43.753466],[-69.979882,43.753838],[-69.983685,43.744395],[-69.994479,43.728451],[-69.992396,43.726852],[-69.992615,43.724793],[-70.000105,43.715291],[-69.998659,43.711418],[-70.001273,43.710388],[-70.006264,43.710216],[-70.005314,43.713652],[-70.007206,43.717629],[-70.005324,43.720252],[-70.003237,43.721786],[-69.996249,43.729944],[-69.997242,43.730684],[-69.998118,43.730788],[-70.004021,43.724328],[-70.005257,43.724431],[-70.00433,43.727214],[-69.99926,43.733345],[-69.998997,43.732683],[-69.997827,43.732833],[-69.997806,43.734476],[-69.998644,43.734697],[-69.998901,43.735538],[-69.994618,43.743537],[-70.001748,43.746456],[-70.011493,43.743365],[-70.014821,43.739072],[-70.026467,43.72894],[-70.02314,43.741648],[-70.021001,43.746456],[-70.023377,43.74886],[-70.030508,43.743537],[-70.035974,43.743193],[-70.041203,43.737527],[-70.045006,43.736668],[-70.040768,43.745049],[-70.043342,43.748001],[-70.035261,43.755212],[-70.028852,43.763779],[-70.024572,43.76625],[-70.023206,43.765605],[-70.020337,43.765848],[-70.019277,43.767353],[-70.016627,43.778667],[-70.013905,43.782242],[-70.010593,43.782769],[-70.004247,43.786573],[-70.005079,43.788923],[-70.003021,43.789657],[-70.00059,43.791465],[-70.001395,43.792514],[-70.000478,43.796254],[-69.997505,43.800926],[-69.993667,43.809094],[-69.992241,43.808065],[-69.989389,43.809437],[-69.988201,43.812524],[-69.983923,43.813896],[-69.981308,43.812181],[-69.976079,43.819041],[-69.97703,43.827444],[-69.964332,43.838741],[-69.95904,43.846577],[-69.954123,43.847693],[-69.951946,43.853071],[-69.952549,43.854873],[-69.951809,43.856677],[-69.94504,43.859959],[-69.947206,43.864473],[-69.952049,43.864715],[-69.953871,43.861555],[-69.959263,43.859107],[-69.960141,43.856054],[-69.966575,43.853732],[-69.972848,43.852879],[-69.978739,43.853845],[-69.981486,43.853128],[-69.983016,43.851284],[-69.986775,43.850931],[-69.989751,43.848791],[-69.992717,43.84836],[-69.996995,43.84356],[-69.99652,43.841331],[-70.002699,43.83636],[-70.005551,43.837731],[-70.008404,43.836017],[-70.00769,43.834302],[-70.014108,43.83053],[-70.014836,43.828466],[-70.017198,43.82693],[-70.026193,43.822587],[-70.02718,43.824014],[-70.023377,43.82813],[-70.02314,43.83053],[-70.008166,43.840817],[-70.006954,43.844158],[-70.002874,43.848239],[-69.995569,43.85213],[-69.99343,43.856072],[-69.991528,43.861728],[-69.987725,43.862927],[-69.988438,43.866355],[-69.994618,43.86704],[-70.001273,43.86447],[-70.005314,43.860528],[-70.010067,43.8583],[-70.019197,43.858733],[-70.032023,43.849988],[-70.041916,43.841674],[-70.039777,43.838931],[-70.044055,43.834988],[-70.04153,43.831065],[-70.044565,43.829749],[-70.048334,43.832416],[-70.053563,43.830187],[-70.058384,43.824682],[-70.058064,43.823399],[-70.055298,43.823284],[-70.054088,43.821939],[-70.057841,43.816983],[-70.066598,43.810525],[-70.068588,43.811362],[-70.066576,43.819598],[-70.063633,43.825629],[-70.06613,43.827176],[-70.073275,43.824103],[-70.07536,43.824724],[-70.077204,43.828206],[-70.080548,43.827601],[-70.081699,43.823646],[-70.080234,43.820921],[-70.080683,43.819852],[-70.094332,43.815956],[-70.099197,43.809094],[-70.107041,43.80755],[-70.113381,43.800903],[-70.119515,43.801439],[-70.13622,43.795022],[-70.141326,43.79711],[-70.144867,43.796805],[-70.145151,43.794611],[-70.142191,43.789288],[-70.154159,43.780145],[-70.153275,43.775583],[-70.162182,43.770832],[-70.176023,43.76079],[-70.180484,43.761564],[-70.175492,43.772892],[-70.17544,43.777113],[-70.186901,43.773407],[-70.189012,43.770226],[-70.194269,43.768601],[-70.192368,43.765168],[-70.193794,43.759675],[-70.197593,43.753211],[-70.192605,43.748344],[-70.193794,43.741648],[-70.217998,43.71998],[-70.216611,43.716744],[-70.213759,43.712793],[-70.216832,43.704822],[-70.213521,43.701281],[-70.21471,43.697329],[-70.21875,43.698188],[-70.222791,43.701453],[-70.227909,43.701907],[-70.23199,43.704822],[-70.235625,43.698876],[-70.232536,43.692689],[-70.22802,43.69183],[-70.226118,43.688736],[-70.230634,43.686158],[-70.234621,43.685611],[-70.242548,43.693333],[-70.246216,43.689901],[-70.244668,43.689275],[-70.244657,43.688221],[-70.246485,43.68689],[-70.249146,43.687063],[-70.251408,43.685176],[-70.251705,43.683877],[-70.250909,43.683269],[-70.25125,43.6816],[-70.250826,43.681376],[-70.252025,43.676704],[-70.252961,43.67501],[-70.247321,43.671973],[-70.240379,43.670516],[-70.23824,43.665874],[-70.24228,43.662607],[-70.240987,43.659132],[-70.234912,43.655729],[-70.231592,43.651077],[-70.22802,43.650226],[-70.225167,43.650226],[-70.226704,43.643173],[-70.224217,43.642142],[-70.22299,43.639023],[-70.221365,43.632854],[-70.219701,43.631993],[-70.21875,43.628897],[-70.21471,43.628381],[-70.207491,43.623483],[-70.209956,43.613239],[-70.213491,43.609223],[-70.214466,43.602158],[-70.217486,43.597091],[-70.214497,43.595646],[-70.216281,43.592708],[-70.214849,43.590152],[-70.210465,43.58862],[-70.206232,43.588437],[-70.203068,43.586286],[-70.204051,43.581701],[-70.207781,43.578228],[-70.206559,43.574956],[-70.202913,43.574497],[-70.199973,43.56917],[-70.196911,43.565146],[-70.201397,43.560741],[-70.206123,43.557627],[-70.216782,43.556874],[-70.219784,43.562149],[-70.223376,43.564033],[-70.227914,43.563471],[-70.231963,43.561118],[-70.244331,43.551849],[-70.257768,43.55373],[-70.264167,43.553179],[-70.269881,43.557731],[-70.269376,43.561248],[-70.272497,43.562616],[-70.299184,43.550589],[-70.307764,43.544315],[-70.310862,43.539467],[-70.314154,43.535259],[-70.310062,43.530917],[-70.307405,43.529032],[-70.313109,43.526964],[-70.321116,43.527262],[-70.323329,43.529204],[-70.321196,43.532136],[-70.318135,43.534764],[-70.321826,43.538924],[-70.328796,43.540749],[-70.341793,43.540484],[-70.352826,43.535855],[-70.361214,43.52919],[-70.379123,43.507202],[-70.384885,43.49604],[-70.385615,43.487031],[-70.382928,43.469674],[-70.380233,43.46423],[-70.37223,43.45508],[-70.367364,43.452264],[-70.363497,43.452126],[-70.36097,43.456517],[-70.357549,43.457833],[-70.341319,43.457675],[-70.337262,43.457243],[-70.327303,43.458521],[-70.329475,43.45514],[-70.334783,43.45149],[-70.332836,43.446432],[-70.33739,43.446692],[-70.338778,43.443499],[-70.343813,43.440114],[-70.349684,43.442032],[-70.362015,43.439077],[-70.370514,43.434133],[-70.376638,43.427644],[-70.377045,43.420715],[-70.383224,43.418989],[-70.387027,43.414673],[-70.380631,43.413295],[-70.380949,43.411446],[-70.389306,43.405917],[-70.390951,43.401679],[-70.39786,43.394171],[-70.399209,43.394055],[-70.400564,43.395589],[-70.39996,43.400843],[-70.403549,43.401464],[-70.407556,43.400918],[-70.411439,43.398107],[-70.416484,43.39788],[-70.421282,43.395777],[-70.427672,43.389254],[-70.425141,43.386493],[-70.424421,43.379656],[-70.418461,43.372538],[-70.416311,43.361059],[-70.424209,43.35779],[-70.428534,43.354818],[-70.440255,43.35468],[-70.445676,43.353811],[-70.450011,43.350915],[-70.45119,43.346698],[-70.456984,43.345768],[-70.458704,43.342727],[-70.459632,43.342263],[-70.46042,43.342664],[-70.461488,43.344511],[-70.462615,43.344495],[-70.465795,43.340806],[-70.472494,43.342714],[-70.474323,43.347123],[-70.483763,43.347302],[-70.4864,43.344739],[-70.492588,43.34551],[-70.500491,43.34216],[-70.50304,43.344518],[-70.507611,43.343511],[-70.509984,43.344407],[-70.517695,43.344037],[-70.535244,43.336771],[-70.553854,43.321886],[-70.562779,43.310614],[-70.566347,43.301003],[-70.568477,43.297579],[-70.567725,43.29392],[-70.570966,43.290365],[-70.570041,43.285566],[-70.570991,43.284182],[-70.576873,43.281903],[-70.585184,43.270113],[-70.593907,43.249295],[-70.592151,43.24566],[-70.58858,43.243854],[-70.587867,43.236582],[-70.582263,43.230433],[-70.575787,43.221859],[-70.576692,43.217651],[-70.588037,43.208662],[-70.586916,43.205752],[-70.58953,43.203847],[-70.587814,43.199858],[-70.589185,43.195695],[-70.591905,43.192402],[-70.593809,43.189118],[-70.597777,43.185638],[-70.601664,43.183752],[-70.608783,43.1756],[-70.606881,43.173174],[-70.601177,43.174214],[-70.595331,43.171409],[-70.593736,43.169375],[-70.590423,43.166563],[-70.590391,43.165168],[-70.596185,43.163466],[-70.603513,43.166421],[-70.611105,43.168431],[-70.618973,43.163625],[-70.625953,43.147382],[-70.626008,43.143295],[-70.62233,43.142312],[-70.62251,43.134573],[-70.624976,43.133669],[-70.632067,43.133157],[-70.634455,43.127603],[-70.633811,43.125088],[-70.634452,43.120283],[-70.638968,43.118721],[-70.637595,43.11723],[-70.638355,43.114182],[-70.642058,43.111955],[-70.64252,43.110212],[-70.648,43.104146],[-70.651288,43.10139],[-70.654376,43.100869],[-70.655322,43.098008],[-70.656223,43.093164],[-70.657451,43.091583],[-70.660834,43.090262],[-70.662973,43.088353],[-70.660053,43.085733],[-70.663791,43.085168],[-70.66535,43.083319],[-70.665958,43.076234],[-70.673114,43.070314],[-70.678226,43.068185],[-70.703799,43.059574],[-70.711535,43.057975],[-70.712085,43.043725],[-70.71355,43.042077],[-70.718936,43.03235],[-70.723178,43.029298],[-70.728443,43.027597],[-70.730426,43.025392],[-70.732135,43.022416],[-70.732684,43.016916],[-70.734363,43.013307],[-70.735477,43.012201],[-70.74036,43.011171],[-70.743793,43.008027],[-70.745461,43.004023],[-70.743015,43.001666],[-70.749024,42.995467],[-70.749194,42.992677],[-70.749969,42.991689],[-70.752804,42.991255],[-70.755138,42.991789],[-70.756701,42.991337],[-70.759175,42.989475],[-70.761474,42.986681],[-70.764567,42.980201],[-70.765222,42.975349],[-70.764322,42.973751],[-70.768303,42.971701],[-70.7718,42.968064],[-70.771913,42.966457],[-70.769673,42.964419],[-70.771729,42.961321],[-70.775597,42.957213],[-70.779068,42.956802],[-70.780383,42.955798],[-70.78513,42.950792],[-70.786564,42.947378],[-70.786158,42.944039],[-70.790682,42.942772],[-70.793996,42.93989],[-70.797806,42.930037],[-70.798636,42.924288],[-70.798153,42.920926],[-70.794748,42.918125],[-70.802527,42.91764],[-70.805971,42.916549],[-70.808712,42.912787],[-70.810069,42.909549],[-70.810681,42.906887],[-70.810999,42.892375],[-70.813491,42.887119],[-70.815744,42.884529],[-70.816105,42.877889],[-70.817296,42.87229],[-70.817731,42.850613],[-70.812686,42.822871],[-70.80854,42.814942],[-70.80522,42.781798],[-70.792867,42.747118],[-70.772267,42.711064],[-70.770453,42.704824],[-70.775791,42.700669],[-70.776083,42.691264],[-70.764421,42.68565],[-70.752742,42.684329],[-70.744602,42.681308],[-70.732534,42.670237],[-70.730547,42.666563],[-70.719153,42.66375],[-70.705832,42.658245],[-70.695942,42.655825],[-70.691231,42.65579],[-70.688769,42.65261],[-70.68463,42.651813],[-70.682294,42.654417],[-70.679918,42.660336],[-70.681299,42.661479],[-70.681382,42.662263],[-70.676097,42.666157],[-70.673137,42.666545],[-70.666848,42.671722],[-70.663548,42.677603],[-70.657437,42.681519],[-70.654389,42.68169],[-70.649077,42.685643],[-70.647111,42.687857],[-70.645056,42.688543],[-70.643603,42.687494],[-70.643223,42.685115],[-70.64138,42.685053],[-70.636292,42.690293],[-70.630077,42.692699],[-70.62732,42.691411],[-70.627243,42.688418],[-70.623255,42.686897],[-70.620851,42.68684],[-70.620507,42.684608],[-70.623699,42.681567],[-70.622705,42.678351],[-70.624059,42.67691],[-70.621475,42.672739],[-70.623909,42.66723],[-70.62284,42.664355],[-70.623927,42.661635],[-70.620719,42.658733],[-70.617987,42.659069],[-70.616127,42.660305],[-70.614892,42.660219],[-70.613474,42.658755],[-70.610499,42.659771],[-70.607175,42.658556],[-70.598585,42.659876],[-70.597421,42.659605],[-70.597601,42.658095],[-70.595052,42.656071],[-70.597461,42.653486],[-70.597103,42.651468],[-70.591742,42.648508],[-70.595865,42.642514],[-70.595409,42.640322],[-70.592405,42.640486],[-70.591469,42.639821],[-70.594014,42.63503],[-70.605611,42.634898],[-70.61842,42.62864],[-70.617922,42.625468],[-70.620485,42.623032],[-70.627173,42.621338],[-70.632217,42.616795],[-70.632332,42.607876],[-70.635635,42.600243],[-70.641697,42.594525],[-70.646087,42.592205],[-70.64804,42.587549],[-70.654727,42.582234],[-70.664887,42.580436],[-70.666037,42.584082],[-70.663898,42.588282],[-70.65962,42.592131],[-70.657005,42.598255],[-70.658907,42.603504],[-70.665562,42.609102],[-70.676733,42.607527],[-70.676495,42.603329],[-70.681486,42.600704],[-70.684338,42.596155],[-70.680803,42.593464],[-70.684502,42.588858],[-70.688076,42.585946],[-70.692932,42.584214],[-70.698574,42.577393],[-70.708191,42.575575],[-70.710349,42.572568],[-70.729688,42.57151],[-70.730934,42.574487],[-70.735507,42.575521],[-70.737044,42.576863],[-70.74014,42.574807],[-70.757283,42.570455],[-70.763723,42.561678],[-70.772132,42.559606],[-70.777476,42.559357],[-70.788442,42.563253],[-70.794419,42.5645],[-70.804091,42.561595],[-70.815391,42.554195],[-70.823798,42.551866],[-70.836591,42.551279],[-70.845485,42.548196],[-70.847928,42.54914],[-70.84836,42.550013],[-70.85013,42.551144],[-70.854874,42.549365],[-70.855167,42.547526],[-70.861115,42.545128],[-70.868648,42.54852],[-70.875195,42.544344],[-70.882563,42.534887],[-70.878922,42.532144],[-70.87163,42.535588],[-70.867589,42.536288],[-70.864207,42.533429],[-70.86632,42.526729],[-70.877572,42.523502],[-70.885178,42.515269],[-70.886366,42.508611],[-70.88185,42.505632],[-70.87472,42.504931],[-70.864024,42.518597],[-70.857125,42.521492],[-70.848707,42.519208],[-70.845623,42.517475],[-70.842091,42.519495],[-70.842395,42.508786],[-70.851665,42.5002],[-70.853091,42.495994],[-70.853329,42.493015],[-70.847387,42.493891],[-70.844772,42.49652],[-70.840732,42.499324],[-70.83381,42.505868],[-70.831091,42.503596],[-70.833788,42.499379],[-70.835991,42.490496],[-70.841591,42.487596],[-70.847391,42.491496],[-70.857791,42.490296],[-70.879692,42.478796],[-70.886493,42.470197],[-70.887992,42.467096],[-70.887292,42.464896],[-70.894292,42.460896],[-70.901453,42.464226],[-70.907275,42.462855],[-70.908092,42.466896],[-70.921993,42.466696],[-70.927713,42.460892],[-70.931487,42.46063],[-70.934993,42.457896],[-70.93748,42.440088],[-70.936159,42.437403],[-70.928489,42.438326],[-70.928018,42.437216],[-70.933402,42.433435],[-70.928628,42.428834],[-70.925085,42.430299],[-70.913192,42.427697],[-70.908392,42.425197],[-70.907647,42.421834],[-70.902872,42.420053],[-70.905692,42.416197],[-70.910852,42.416516],[-70.919934,42.423587],[-70.928046,42.420663],[-70.927971,42.41713],[-70.936393,42.418097],[-70.937432,42.4258],[-70.935546,42.431532],[-70.939771,42.438472],[-70.940475,42.44376],[-70.938528,42.45409],[-70.938984,42.457024],[-70.943664,42.458338],[-70.962607,42.445105],[-70.965398,42.445424],[-70.966538,42.442451],[-70.959934,42.441218],[-70.959698,42.440667],[-70.97551,42.431584],[-70.982994,42.423996],[-70.987694,42.416696],[-70.990595,42.407098],[-70.989195,42.402598],[-70.985068,42.402041],[-70.983426,42.396246],[-70.979791,42.390561],[-70.975796,42.389465],[-70.968605,42.390112],[-70.967273,42.388229],[-70.972513,42.385042],[-70.972706,42.381759],[-70.971573,42.377381],[-70.966627,42.367599],[-70.969214,42.364254],[-70.968034,42.357591],[-70.962365,42.354976],[-70.958599,42.35551],[-70.953292,42.349698],[-70.953022,42.343973],[-70.960047,42.346506],[-70.97454,42.35925],[-70.975377,42.362286],[-70.97066,42.370579],[-70.972828,42.371928],[-70.988128,42.368512],[-70.997227,42.372691],[-71.00024,42.372418],[-71.002822,42.365945],[-70.997719,42.360562],[-70.988035,42.36188],[-70.985317,42.358316],[-70.98955,42.354495],[-70.994337,42.353909],[-70.999577,42.356408],[-71.003741,42.356037],[-71.005579,42.347362],[-71.007807,42.347145],[-71.0277,42.358625],[-71.026351,42.361819],[-71.026916,42.363769],[-71.029638,42.363352],[-71.037999,42.363753],[-71.042626,42.367188],[-71.04466,42.372189],[-71.047018,42.37312],[-71.050598,42.372872],[-71.052642,42.370788],[-71.052248,42.369201],[-71.05048,42.368073],[-71.049673,42.356598],[-71.013895,42.34168],[-71.010926,42.339656],[-71.010177,42.337557],[-71.015664,42.330518],[-71.024151,42.333159],[-71.034704,42.328762],[-71.042333,42.330142],[-71.047648,42.328087],[-71.047426,42.323428],[-71.033099,42.316116],[-71.032777,42.313472],[-71.036893,42.310513],[-71.037904,42.310435],[-71.040961,42.312152],[-71.042335,42.311693],[-71.04249,42.309745],[-71.044832,42.309193],[-71.047616,42.303378],[-71.044495,42.301496],[-71.046786,42.298107],[-71.043697,42.292899],[-71.03988,42.292455],[-71.037974,42.288675],[-71.039306,42.285495],[-71.037264,42.284144],[-71.032812,42.286297],[-71.032108,42.288565],[-71.033373,42.290036],[-71.03905,42.300138],[-71.036797,42.301392],[-71.025837,42.299698],[-71.023297,42.297948],[-71.023367,42.294474],[-71.021523,42.294346],[-71.014251,42.300573],[-71.013903,42.303429],[-71.010807,42.30451],[-71.009102,42.302255],[-71.001309,42.303455],[-70.994908,42.305385],[-70.99047,42.308023],[-70.987428,42.30608],[-70.990246,42.304073],[-71.005206,42.300599],[-71.00611,42.297125],[-71.004616,42.294481],[-71.012769,42.290187],[-71.02021,42.290495],[-71.02231,42.288188],[-71.016138,42.279838],[-70.998341,42.272409],[-70.996002,42.266837],[-70.985278,42.264347],[-70.980714,42.265318],[-70.973357,42.263009],[-70.964885,42.268972],[-70.956219,42.270794],[-70.954105,42.274793],[-70.955724,42.279419],[-70.954894,42.280466],[-70.953186,42.279854],[-70.949284,42.274205],[-70.950449,42.2673],[-70.952173,42.264062],[-70.951185,42.261266],[-70.951803,42.260558],[-70.959361,42.262597],[-70.962111,42.260737],[-70.963803,42.260922],[-70.965429,42.25969],[-70.965811,42.257765],[-70.960204,42.255771],[-70.95839,42.256687],[-70.95727,42.254988],[-70.960186,42.251877],[-70.962402,42.248354],[-70.962127,42.246413],[-70.959495,42.245328],[-70.957457,42.247339],[-70.955368,42.247388],[-70.943172,42.252103],[-70.936164,42.256818],[-70.927227,42.257381],[-70.92483,42.263339],[-70.925897,42.26917],[-70.918236,42.271861],[-70.909421,42.268286],[-70.90752,42.262306],[-70.903881,42.262425],[-70.899817,42.26115],[-70.895873,42.262657],[-70.893784,42.262316],[-70.89386,42.261085],[-70.895879,42.259846],[-70.896751,42.257557],[-70.898367,42.257232],[-70.897893,42.256001],[-70.892857,42.253412],[-70.890024,42.24917],[-70.884269,42.245549],[-70.877753,42.248417],[-70.875529,42.256863],[-70.87876,42.258963],[-70.882801,42.26811],[-70.890169,42.2762],[-70.902059,42.28041],[-70.903238,42.281335],[-70.90152,42.282694],[-70.893972,42.281476],[-70.884702,42.277783],[-70.878285,42.278311],[-70.879473,42.282003],[-70.883039,42.288158],[-70.886842,42.292553],[-70.887317,42.297652],[-70.893259,42.298707],[-70.903954,42.301695],[-70.910372,42.299058],[-70.915588,42.302463],[-70.923444,42.302398],[-70.92392,42.305035],[-70.91749,42.305686],[-70.907556,42.307889],[-70.895862,42.305934],[-70.889456,42.310484],[-70.88268,42.310393],[-70.881242,42.300663],[-70.870873,42.285668],[-70.861807,42.275965],[-70.851093,42.26827],[-70.831075,42.267424],[-70.811742,42.262935],[-70.788724,42.25392],[-70.786778,42.250871],[-70.784402,42.248584],[-70.776307,42.248953],[-70.773944,42.254214],[-70.766338,42.254742],[-70.762773,42.250343],[-70.764757,42.244062],[-70.760683,42.241241],[-70.760158,42.235035],[-70.754488,42.228673],[-70.74723,42.221816],[-70.739145,42.219619],[-70.73056,42.21094],[-70.722269,42.207959],[-70.718089,42.208985],[-70.712993,42.204431],[-70.714286,42.198598],[-70.715895,42.195899],[-70.71595,42.190145],[-70.718707,42.184853],[-70.714761,42.176584],[-70.714301,42.168783],[-70.706264,42.163137],[-70.685315,42.133025],[-70.663931,42.108336],[-70.640169,42.088633],[-70.63848,42.081579],[-70.647349,42.076331],[-70.64819,42.068441],[-70.643208,42.050821],[-70.63086,42.036045],[-70.620277,42.027087],[-70.610983,42.015737],[-70.597892,42.00455],[-70.602704,42.002144],[-70.614046,42.006612],[-70.622542,42.002142],[-70.631919,41.992864],[-70.639137,41.993895],[-70.641199,42.005925],[-70.639655,42.010796],[-70.636387,42.01383],[-70.63395,42.012032],[-70.634426,42.004968],[-70.629857,42.001456],[-70.624205,42.006028],[-70.614223,42.011149],[-70.617788,42.017507],[-70.644337,42.045895],[-70.650874,42.046247],[-70.656054,42.042047],[-70.664373,42.041164],[-70.66936,42.037116],[-70.671666,42.02139],[-70.667512,42.01232],[-70.670934,42.007786],[-70.678798,42.00551],[-70.686798,42.012764],[-70.695809,42.013346],[-70.712204,42.007586],[-70.710034,41.999544],[-70.706443,42.000729],[-70.700025,41.998256],[-70.698837,41.991897],[-70.698981,41.987103],[-70.690986,41.981298],[-70.681357,41.979145],[-70.678822,41.977178],[-70.676257,41.972286],[-70.664482,41.960062],[-70.653202,41.952491],[-70.646785,41.949309],[-70.639757,41.949376],[-70.632012,41.946033],[-70.630574,41.946055],[-70.630321,41.947048],[-70.638466,41.95638],[-70.648686,41.972286],[-70.653008,41.976956],[-70.652507,41.978871],[-70.64936,41.97862],[-70.645546,41.975197],[-70.631573,41.953022],[-70.623945,41.943061],[-70.616491,41.940204],[-70.608166,41.940701],[-70.598078,41.947772],[-70.591593,41.949326],[-70.583572,41.950007],[-70.567767,41.939499],[-70.565974,41.936227],[-70.552941,41.929641],[-70.543975,41.926279],[-70.539189,41.926773],[-70.540067,41.923673],[-70.53787,41.920946],[-70.541933,41.918945],[-70.544916,41.918637],[-70.546386,41.916751],[-70.54741,41.911934],[-70.545949,41.907158],[-70.532084,41.889568],[-70.532972,41.885818],[-70.531439,41.880858],[-70.530494,41.865492],[-70.525567,41.85873],[-70.53255,41.840662],[-70.536264,41.834659],[-70.542065,41.831263],[-70.543168,41.824446],[-70.54103,41.815754],[-70.532656,41.804796],[-70.517411,41.790953],[-70.494519,41.778237],[-70.494048,41.773883],[-70.471552,41.761563],[-70.429816,41.748878],[-70.428309,41.747669],[-70.399988,41.741721],[-70.375341,41.738779],[-70.295561,41.734412],[-70.28834,41.731981],[-70.283091,41.728951],[-70.275248,41.725807],[-70.273879,41.72431],[-70.274404,41.723498],[-70.278905,41.722574],[-70.281774,41.72242],[-70.285524,41.725247],[-70.288168,41.729208],[-70.290249,41.729502],[-70.292124,41.728774],[-70.292049,41.72757],[-70.293193,41.725345],[-70.296268,41.725261],[-70.303262,41.727486],[-70.31924,41.728887],[-70.332496,41.731806],[-70.340795,41.730776],[-70.346043,41.732125],[-70.348896,41.731486],[-70.363299,41.732976],[-70.373139,41.732976],[-70.382836,41.734679],[-70.385261,41.733934],[-70.38412,41.730954],[-70.388968,41.729145],[-70.394245,41.729996],[-70.396384,41.727868],[-70.395243,41.725101],[-70.385546,41.72063],[-70.382123,41.721482],[-70.362586,41.711901],[-70.360875,41.708814],[-70.362871,41.705088],[-70.357309,41.702532],[-70.34205,41.701361],[-70.328503,41.703916],[-70.327077,41.70562],[-70.329216,41.70892],[-70.327362,41.711263],[-70.319804,41.709666],[-70.306541,41.710304],[-70.300552,41.708495],[-70.294277,41.710837],[-70.284009,41.709879],[-70.278019,41.709985],[-70.26855,41.712927],[-70.267101,41.712875],[-70.264273,41.711706],[-70.26418,41.711287],[-70.26633,41.70867],[-70.265348,41.707187],[-70.263128,41.707048],[-70.261913,41.709002],[-70.258138,41.710044],[-70.257012,41.709951],[-70.256183,41.709367],[-70.256136,41.708269],[-70.255711,41.707915],[-70.253422,41.70804],[-70.252838,41.70746],[-70.251195,41.707339],[-70.250238,41.707737],[-70.250656,41.709259],[-70.248368,41.711682],[-70.244324,41.712271],[-70.242668,41.711154],[-70.24102,41.710539],[-70.240186,41.710649],[-70.239931,41.711175],[-70.241087,41.714632],[-70.239298,41.716216],[-70.239506,41.718141],[-70.238175,41.720066],[-70.235304,41.722457],[-70.239318,41.725625],[-70.239318,41.726881],[-70.240777,41.727528],[-70.234648,41.732042],[-70.216073,41.742981],[-70.189254,41.751982],[-70.183804,41.75058],[-70.14991,41.756982],[-70.141533,41.760072],[-70.121978,41.758841],[-70.096061,41.766549],[-70.082994,41.768961],[-70.072457,41.772937],[-70.064314,41.772845],[-70.022707,41.788352],[-70.022535,41.789433],[-70.015508,41.796042],[-70.008462,41.800786],[-70.003842,41.80852],[-70.005287,41.812342],[-70.004388,41.817866],[-70.004486,41.838826],[-70.009013,41.876625],[-70.005763,41.881924],[-70.000188,41.886938],[-70.002922,41.890315],[-70.012154,41.891656],[-70.018497,41.891528],[-70.02424,41.896343],[-70.024335,41.89882],[-70.021212,41.900148],[-70.013606,41.90121],[-70.013369,41.905986],[-70.020089,41.907582],[-70.025553,41.911699],[-70.032305,41.920441],[-70.032024,41.924207],[-70.027392,41.929331],[-70.035235,41.930039],[-70.044995,41.930049],[-70.054962,41.927917],[-70.059003,41.925618],[-70.061617,41.923496],[-70.057815,41.920489],[-70.054203,41.920949],[-70.058947,41.917105],[-70.063137,41.91521],[-70.065671,41.911658],[-70.065723,41.899641],[-70.068986,41.896256],[-70.066371,41.886348],[-70.066846,41.88334],[-70.06901,41.884924],[-70.073039,41.899783],[-70.074006,41.93865],[-70.077225,41.943358],[-70.077421,41.985497],[-70.083775,42.012041],[-70.089578,42.024896],[-70.095595,42.032832],[-70.10806,42.043601],[-70.123043,42.051668],[-70.148608,42.060931],[-70.155415,42.062409],[-70.169781,42.059736],[-70.178468,42.05642],[-70.186816,42.05045],[-70.194456,42.03947],[-70.19497,42.036399],[-70.201135,42.034986],[-70.205889,42.032691],[-70.19662,42.025452],[-70.192341,42.023157],[-70.189461,42.024236],[-70.173758,42.027357],[-70.166884,42.034575],[-70.171008,42.028045],[-70.179601,42.021858],[-70.186708,42.019904],[-70.190834,42.020028],[-70.196312,42.021984],[-70.208741,42.030749],[-70.213012,42.036134],[-70.218701,42.045848],[-70.228617,42.053932],[-70.235361,42.057402],[-70.238875,42.060479],[-70.24354,42.060569],[-70.245385,42.063733],[-70.238087,42.072878],[-70.225626,42.078601],[-70.206899,42.0819],[-70.189305,42.082337],[-70.160166,42.078628],[-70.115968,42.067638],[-70.082624,42.054657],[-70.058531,42.040363],[-70.033501,42.017736],[-70.011898,41.98972],[-69.986085,41.949597],[-69.968598,41.9117],[-69.945314,41.845222],[-69.942778,41.833065],[-69.941352,41.822793],[-69.939659,41.818602],[-69.938024,41.809507],[-69.928652,41.74125],[-69.928393,41.708449],[-69.930418,41.691944],[-69.933746,41.678631],[-69.943728,41.664783],[-69.943966,41.65555],[-69.947531,41.651465],[-69.952255,41.640472],[-69.954023,41.634033],[-69.956801,41.629795],[-69.957775,41.620364],[-69.967192,41.611956],[-69.976053,41.611671],[-69.983183,41.608295],[-69.988412,41.594432],[-69.988375,41.586967],[-69.989363,41.581455],[-69.988215,41.554704],[-69.991977,41.547488],[-69.997682,41.54233],[-70.003861,41.540551],[-70.008377,41.54144],[-70.011229,41.543931],[-70.012655,41.546777],[-70.013606,41.551046],[-70.012697,41.553228],[-70.008615,41.557982],[-70.002911,41.562073],[-69.99885,41.565904],[-69.993879,41.576299],[-69.991306,41.588721],[-69.992215,41.603319],[-69.989827,41.607152],[-69.985211,41.613124],[-69.98556,41.619668],[-69.977478,41.630786],[-69.975916,41.638863],[-69.973073,41.642941],[-69.970489,41.645458],[-69.975719,41.653738],[-69.985322,41.658213],[-69.996359,41.667184],[-70.007011,41.671579],[-70.014211,41.671971],[-70.029346,41.667744],[-70.040515,41.667401],[-70.055523,41.664843],[-70.062114,41.664446],[-70.065702,41.662357],[-70.075974,41.663954],[-70.089238,41.662813],[-70.116506,41.655503],[-70.140877,41.650423],[-70.158115,41.65182],[-70.168336,41.651998],[-70.187167,41.649439],[-70.195193,41.647913],[-70.198,41.644152],[-70.207082,41.642503],[-70.219773,41.636469],[-70.245867,41.628479],[-70.25621,41.620698],[-70.25542,41.617541],[-70.259601,41.610863],[-70.265424,41.609333],[-70.267587,41.610912],[-70.269687,41.617775],[-70.26913,41.625742],[-70.274522,41.632927],[-70.28132,41.635125],[-70.29062,41.635196],[-70.296009,41.63438],[-70.300248,41.63246],[-70.300653,41.62951],[-70.311687,41.627408],[-70.316626,41.625448],[-70.321588,41.630508],[-70.329924,41.634578],[-70.338067,41.636338],[-70.351634,41.634687],[-70.360352,41.631069],[-70.364892,41.626721],[-70.364744,41.623671],[-70.369854,41.615888],[-70.379151,41.611361],[-70.400581,41.606382],[-70.408535,41.607345],[-70.426812,41.604719],[-70.431652,41.605722],[-70.437246,41.605329],[-70.442618,41.599053],[-70.445289,41.591815],[-70.446551,41.590237],[-70.450177,41.589043],[-70.45069,41.584992],[-70.461278,41.57182],[-70.476256,41.558502],[-70.485571,41.554244],[-70.493244,41.552044],[-70.522327,41.548965],[-70.528623,41.546721],[-70.532376,41.549306],[-70.538821,41.551256],[-70.546823,41.551411],[-70.559689,41.54833],[-70.573768,41.546867],[-70.580555,41.54424],[-70.586415,41.54543],[-70.59381,41.545098],[-70.601839,41.542082],[-70.611081,41.542989],[-70.633607,41.538254],[-70.643627,41.532357],[-70.654104,41.519025],[-70.654011,41.515905],[-70.656625,41.514779],[-70.662828,41.517953],[-70.668295,41.517953],[-70.670196,41.520801],[-70.673049,41.523648],[-70.678515,41.521512],[-70.685408,41.521335],[-70.687785,41.524182],[-70.686981,41.52949],[-70.683269,41.5329],[-70.676376,41.528986],[-70.672012,41.531779],[-70.668057,41.5329],[-70.668555,41.536461],[-70.666508,41.539958],[-70.658659,41.543385],[-70.654302,41.549926],[-70.655365,41.557498],[-70.653899,41.56516],[-70.649281,41.565807],[-70.64878,41.56987],[-70.642748,41.572385],[-70.640948,41.577325],[-70.64204,41.583066],[-70.652449,41.60521],[-70.651986,41.610184],[-70.646849,41.613502],[-70.646128,41.619716],[-70.640003,41.624616],[-70.641789,41.629391],[-70.646782,41.635028],[-70.646267,41.635412],[-70.643771,41.634816],[-70.642047,41.635566],[-70.644868,41.640218],[-70.64616,41.640704],[-70.652614,41.637829],[-70.65327,41.638982],[-70.650437,41.641663],[-70.650724,41.64613],[-70.644725,41.64674],[-70.640477,41.648914],[-70.633734,41.648933],[-70.62609,41.652683],[-70.623851,41.65626],[-70.621303,41.656106],[-70.620533,41.657266],[-70.631725,41.663695],[-70.634719,41.66376],[-70.640724,41.659456],[-70.645715,41.659456],[-70.651956,41.663044],[-70.653754,41.66709],[-70.648613,41.670328],[-70.642481,41.671165],[-70.637277,41.669362],[-70.636143,41.667799],[-70.632917,41.670448],[-70.632742,41.675594],[-70.636347,41.680002],[-70.638934,41.679828],[-70.645213,41.681391],[-70.657339,41.68148],[-70.660359,41.679958],[-70.662036,41.68094],[-70.660736,41.683063],[-70.657655,41.684431],[-70.655562,41.686776],[-70.652016,41.687774],[-70.650184,41.690184],[-70.649109,41.690596],[-70.645911,41.690205],[-70.644748,41.691486],[-70.645962,41.693794],[-70.642452,41.695241],[-70.636667,41.696631],[-70.631492,41.696305],[-70.620816,41.700529],[-70.617572,41.701141],[-70.618677,41.702792],[-70.623847,41.703723],[-70.623652,41.707398],[-70.626529,41.712995],[-70.633831,41.714125],[-70.639725,41.717355],[-70.648805,41.718029],[-70.650469,41.713416],[-70.660452,41.705076],[-70.674064,41.691371],[-70.676138,41.692654],[-70.656206,41.713387],[-70.656596,41.715401],[-70.664005,41.716201],[-70.670453,41.721912],[-70.679228,41.727431],[-70.685883,41.727076],[-70.68826,41.723705],[-70.697054,41.729204],[-70.706166,41.728984],[-70.708193,41.730959],[-70.715118,41.732397],[-70.718739,41.73574],[-70.726331,41.732731],[-70.720822,41.727608],[-70.720949,41.72322],[-70.725813,41.724592],[-70.728526,41.722875],[-70.721302,41.712968],[-70.714886,41.710312],[-70.712028,41.707028],[-70.71423,41.701731],[-70.722724,41.703834],[-70.727477,41.702414],[-70.723199,41.696026],[-70.717451,41.69398],[-70.714906,41.691938],[-70.718355,41.690157],[-70.715045,41.681008],[-70.715593,41.675258],[-70.719829,41.677993],[-70.721535,41.681471],[-70.729395,41.68814],[-70.739599,41.691766],[-70.744353,41.697978],[-70.748868,41.697446],[-70.755347,41.694326],[-70.752434,41.690169],[-70.751721,41.685554],[-70.749106,41.680406],[-70.743402,41.674726],[-70.745104,41.672445],[-70.75077,41.675613],[-70.752434,41.678454],[-70.758376,41.680584],[-70.763842,41.676856],[-70.761856,41.672933],[-70.756712,41.666914],[-70.76236,41.667735],[-70.761941,41.665493],[-70.758198,41.661225],[-70.757065,41.652891],[-70.762416,41.652708],[-70.762178,41.648268],[-70.766457,41.648446],[-70.768358,41.645782],[-70.765463,41.641575],[-70.769318,41.641145],[-70.773654,41.645033],[-70.776709,41.650756],[-70.790829,41.653231],[-70.795216,41.650932],[-70.802346,41.655727],[-70.809001,41.658391],[-70.814706,41.657148],[-70.821598,41.654839],[-70.823262,41.648979],[-70.804664,41.641157],[-70.800215,41.631753],[-70.801063,41.629513],[-70.810279,41.624873],[-70.817683,41.623432],[-70.822074,41.627485],[-70.827774,41.624635],[-70.835296,41.624532],[-70.844165,41.628983],[-70.852518,41.626919],[-70.859654,41.624124],[-70.855126,41.621832],[-70.854259,41.618593],[-70.854426,41.616011],[-70.853665,41.613969],[-70.849645,41.61025],[-70.847981,41.602963],[-70.843227,41.596565],[-70.844267,41.595052],[-70.847414,41.595403],[-70.850869,41.593368],[-70.850504,41.592114],[-70.853236,41.588104],[-70.853185,41.582975],[-70.854804,41.582431],[-70.856723,41.583709],[-70.857239,41.587705],[-70.860237,41.594635],[-70.863661,41.597594],[-70.863638,41.600919],[-70.862955,41.603852],[-70.868904,41.614664],[-70.86836,41.622664],[-70.869624,41.625608],[-70.872665,41.627816],[-70.88876,41.632815],[-70.889476,41.63243],[-70.890898,41.628549],[-70.892717,41.625912],[-70.895438,41.624204],[-70.908827,41.623577],[-70.913202,41.619266],[-70.904522,41.610361],[-70.898607,41.592654],[-70.902051,41.591583],[-70.90908,41.5937],[-70.910814,41.595506],[-70.916581,41.607483],[-70.920074,41.61081],[-70.922375,41.614337],[-70.930456,41.613271],[-70.929722,41.609479],[-70.931169,41.606873],[-70.93,41.600441],[-70.927393,41.594064],[-70.931338,41.5842],[-70.933777,41.58043],[-70.937618,41.577481],[-70.938813,41.5777],[-70.939306,41.58023],[-70.942468,41.58154],[-70.943891,41.586015],[-70.945625,41.58659],[-70.950245,41.584598],[-70.949195,41.579048],[-70.947014,41.572722],[-70.93783,41.565239],[-70.935431,41.555673],[-70.934562,41.548746],[-70.92852,41.539776],[-70.941785,41.540121],[-70.946302,41.537564],[-70.947929,41.529802],[-70.954884,41.527567],[-70.952617,41.51812],[-70.953299,41.51501],[-70.956601,41.515462],[-70.958027,41.52169],[-70.961354,41.529698],[-70.966583,41.531655],[-70.972287,41.530765],[-70.980131,41.527563],[-70.984647,41.520445],[-70.981557,41.513682],[-70.981708,41.51007],[-70.983956,41.5089],[-70.99389,41.511256],[-71.003275,41.511912],[-71.019354,41.508857],[-71.022336,41.504346],[-71.035514,41.499047],[-71.038349,41.492182],[-71.033609,41.486802],[-71.03551,41.481639],[-71.038362,41.481105],[-71.041214,41.490541],[-71.041013,41.497534],[-71.048593,41.502659],[-71.058418,41.505967],[-71.070687,41.508877],[-71.085663,41.509292],[-71.093052,41.504214],[-71.106814,41.502469],[-71.1138,41.500106],[-71.115781,41.496509],[-71.12057,41.497448],[-71.129229,41.496284],[-71.136867,41.493942],[-71.141093,41.489937],[-71.140224,41.485855],[-71.139087,41.483445],[-71.142439,41.481215],[-71.145747,41.481176],[-71.14646,41.478505],[-71.150859,41.475819],[-71.154394,41.476692],[-71.159274,41.475985],[-71.162086,41.474009],[-71.163097,41.471738],[-71.167345,41.471405],[-71.170233,41.468381],[-71.170131,41.463974],[-71.168648,41.461452],[-71.170444,41.460621],[-71.173619,41.461422],[-71.175535,41.459854],[-71.177916,41.46081],[-71.180544,41.459742],[-71.186279,41.460285],[-71.193979,41.456396],[-71.194967,41.459037],[-71.196857,41.461116],[-71.196607,41.464756],[-71.192354,41.466564],[-71.192459,41.470443],[-71.191924,41.474363],[-71.190016,41.478275],[-71.190167,41.484285],[-71.19939,41.491769],[-71.199692,41.495511],[-71.202262,41.498384],[-71.206382,41.499215],[-71.200788,41.514371],[-71.202034,41.517065],[-71.204773,41.519104],[-71.204796,41.523344],[-71.207306,41.526388],[-71.208257,41.52888],[-71.204929,41.5408],[-71.20683,41.543468],[-71.215995,41.547178],[-71.215953,41.548464],[-71.215343,41.549297],[-71.215701,41.552131],[-71.215015,41.553836],[-71.213532,41.554741],[-71.213778,41.556795],[-71.218739,41.559296],[-71.220276,41.559587],[-71.220998,41.560877],[-71.219933,41.562483],[-71.218714,41.562678],[-71.211415,41.558219],[-71.209823,41.558709],[-71.209563,41.560292],[-71.210207,41.563039],[-71.20865,41.571028],[-71.208352,41.581172],[-71.214436,41.583659],[-71.214674,41.585971],[-71.209445,41.590593],[-71.209207,41.59397],[-71.205404,41.594325],[-71.203741,41.596103],[-71.204454,41.598414],[-71.20778,41.60066],[-71.212656,41.610072],[-71.211837,41.623529],[-71.215308,41.625491],[-71.218018,41.625672],[-71.219336,41.625482],[-71.220074,41.62494],[-71.219972,41.623944],[-71.221005,41.623502],[-71.236487,41.621368],[-71.238792,41.620593],[-71.240709,41.619225],[-71.241056,41.606945],[-71.2436,41.587508],[-71.237788,41.577595],[-71.234877,41.576548],[-71.23613,41.574767],[-71.236259,41.564993],[-71.238204,41.558765],[-71.237016,41.554852],[-71.233844,41.55379],[-71.233688,41.552362],[-71.236523,41.544891],[-71.234877,41.541689],[-71.236642,41.535852],[-71.234775,41.532538],[-71.228935,41.530303],[-71.227989,41.528297],[-71.229444,41.521544],[-71.233456,41.514053],[-71.240737,41.505551],[-71.24074,41.501704],[-71.246666,41.494265],[-71.247992,41.49029],[-71.246855,41.487415],[-71.24426,41.485737],[-71.242033,41.485344],[-71.238112,41.486057],[-71.237437,41.485711],[-71.237615,41.482276],[-71.238326,41.480759],[-71.239676,41.480253],[-71.240428,41.476147],[-71.242285,41.475239],[-71.243728,41.475204],[-71.244895,41.473835],[-71.246427,41.472948],[-71.247366,41.472996],[-71.247715,41.47369],[-71.24524,41.480285],[-71.245859,41.481637],[-71.252079,41.485924],[-71.258192,41.487921],[-71.264793,41.488902],[-71.26764,41.488214],[-71.26886,41.484698],[-71.274861,41.479846],[-71.27664,41.480038],[-71.282314,41.488286],[-71.285486,41.489004],[-71.29133,41.487862],[-71.296918,41.485521],[-71.297392,41.48479],[-71.296516,41.479831],[-71.297393,41.473443],[-71.296851,41.469131],[-71.298182,41.467492],[-71.301414,41.467278],[-71.303981,41.463716],[-71.302762,41.459748],[-71.303052,41.459083],[-71.303911,41.45868],[-71.304394,41.454502],[-71.307639,41.452435],[-71.310168,41.451124],[-71.312049,41.451382],[-71.311918,41.452885],[-71.310983,41.455106],[-71.312558,41.456498],[-71.314711,41.456389],[-71.316908,41.454788],[-71.31848,41.455724],[-71.320326,41.459783],[-71.323751,41.460129],[-71.326909,41.458942],[-71.327536,41.457072],[-71.334764,41.449516],[-71.338036,41.449528],[-71.337544,41.450979],[-71.337933,41.451693],[-71.344177,41.454028],[-71.353609,41.449751],[-71.356163,41.450538],[-71.357245,41.456146],[-71.358447,41.457439],[-71.358795,41.459661],[-71.360038,41.460486],[-71.36189,41.460196],[-71.362911,41.461746],[-71.361185,41.46462],[-71.359559,41.464229],[-71.358273,41.464431],[-71.357206,41.466124],[-71.352766,41.469245],[-71.3479,41.47059],[-71.341833,41.476012],[-71.336442,41.481985],[-71.33438,41.478204],[-71.336366,41.471738],[-71.335992,41.469647],[-71.323531,41.475834],[-71.316519,41.47756],[-71.318065,41.487764],[-71.321154,41.48812],[-71.322818,41.491147],[-71.323125,41.503088],[-71.327804,41.504258],[-71.330694,41.507699],[-71.329315,41.513829],[-71.326035,41.51431],[-71.325451,41.51728],[-71.328031,41.518848],[-71.327128,41.521589],[-71.323991,41.522407],[-71.320901,41.519489],[-71.314579,41.519809],[-71.311251,41.522621],[-71.311346,41.524222],[-71.314151,41.531446],[-71.312696,41.536514],[-71.308082,41.539377],[-71.308082,41.542935],[-71.311129,41.544052],[-71.310533,41.54692],[-71.303652,41.559925],[-71.296673,41.567124],[-71.294363,41.571416],[-71.288376,41.573274],[-71.285142,41.577127],[-71.284076,41.579393],[-71.28574,41.582771],[-71.289073,41.582706],[-71.285265,41.59237],[-71.28065,41.592854],[-71.273445,41.60699],[-71.272412,41.615041],[-71.275234,41.619444],[-71.271862,41.623986],[-71.264824,41.625247],[-71.261021,41.627379],[-71.258879,41.63323],[-71.251082,41.63878],[-71.246285,41.639814],[-71.242482,41.638393],[-71.23654,41.638393],[-71.233234,41.64023],[-71.232262,41.643366],[-71.225369,41.647096],[-71.22228,41.6542],[-71.220331,41.655572],[-71.21919,41.653667],[-71.217288,41.646208],[-71.216575,41.639103],[-71.211822,41.639103],[-71.208019,41.653135],[-71.19564,41.67509],[-71.224798,41.710498],[-71.227875,41.705498],[-71.232975,41.701953],[-71.240991,41.697744],[-71.243671,41.698404],[-71.24581,41.697162],[-71.245335,41.694855],[-71.242482,41.687933],[-71.234639,41.67746],[-71.235352,41.672134],[-71.236778,41.66805],[-71.238442,41.665565],[-71.240343,41.665565],[-71.244384,41.669116],[-71.250326,41.665032],[-71.253416,41.660593],[-71.254604,41.652247],[-71.256743,41.650293],[-71.257219,41.646741],[-71.25956,41.642595],[-71.263161,41.643011],[-71.267055,41.644945],[-71.270075,41.652439],[-71.26918,41.6549],[-71.267676,41.657397],[-71.269103,41.66006],[-71.272192,41.661303],[-71.277659,41.666275],[-71.280366,41.672575],[-71.278847,41.678347],[-71.282175,41.67959],[-71.285502,41.68243],[-71.287404,41.680478],[-71.289068,41.67959],[-71.287637,41.672463],[-71.290546,41.662395],[-71.293346,41.660238],[-71.297862,41.658284],[-71.297624,41.653845],[-71.299159,41.649531],[-71.301396,41.649978],[-71.303746,41.654788],[-71.304992,41.65935],[-71.306095,41.672575],[-71.302627,41.681747],[-71.298935,41.681524],[-71.293119,41.688347],[-71.291217,41.702666],[-71.2988,41.711008],[-71.29905,41.708696],[-71.301446,41.706441],[-71.303804,41.706567],[-71.305468,41.708519],[-71.307983,41.712756],[-71.305759,41.718662],[-71.307131,41.721648],[-71.31482,41.723808],[-71.324188,41.725382],[-71.339456,41.724841],[-71.341119,41.729098],[-71.341119,41.734774],[-71.344447,41.736193],[-71.34825,41.742046],[-71.35229,41.745061],[-71.359896,41.745061],[-71.359421,41.746657],[-71.360134,41.749494],[-71.362348,41.75089],[-71.360847,41.755168],[-71.361798,41.760664],[-71.36465,41.764742],[-71.369641,41.764565],[-71.366076,41.771124],[-71.366314,41.775201],[-71.365125,41.777505],[-71.367977,41.780695],[-71.370583,41.780874],[-71.371542,41.783354],[-71.381287,41.785303],[-71.390557,41.783708],[-71.391745,41.78105],[-71.389844,41.776441],[-71.385495,41.768664],[-71.385566,41.76031],[-71.38105,41.7557],[-71.380099,41.749316],[-71.380574,41.745947],[-71.376058,41.744174],[-71.380812,41.738853],[-71.380574,41.733533],[-71.38105,41.727324],[-71.376534,41.721648],[-71.369879,41.718277],[-71.363937,41.71739],[-71.357282,41.718188],[-71.357282,41.716592],[-71.365717,41.711615],[-71.365717,41.707898],[-71.364412,41.704704],[-71.365646,41.700622],[-71.365601,41.693701],[-71.362748,41.691926],[-71.364887,41.688377],[-71.371542,41.685359],[-71.373444,41.678614],[-71.372988,41.672575],[-71.37791,41.666646],[-71.382049,41.667317],[-71.386279,41.67098],[-71.38988,41.671903],[-71.390775,41.680629],[-71.389432,41.683425],[-71.390551,41.684096],[-71.398163,41.683407],[-71.418069,41.684208],[-71.433815,41.686957],[-71.441336,41.686446],[-71.443082,41.688303],[-71.441896,41.690025],[-71.445923,41.691144],[-71.450198,41.686459],[-71.449997,41.68399],[-71.447699,41.67787],[-71.444268,41.673647],[-71.444621,41.673016],[-71.446573,41.671959],[-71.447018,41.671216],[-71.446247,41.66631],[-71.444801,41.663801],[-71.443541,41.663019],[-71.442148,41.663728],[-71.440996,41.666231],[-71.440153,41.666843],[-71.434748,41.666263],[-71.430038,41.667541],[-71.426647,41.669526],[-71.426086,41.670484],[-71.424285,41.670275],[-71.417652,41.665298],[-71.408621,41.663168],[-71.408893,41.651466],[-71.407525,41.633326],[-71.403154,41.627468],[-71.403392,41.625513],[-71.408621,41.62196],[-71.407907,41.61965],[-71.402441,41.615563],[-71.404342,41.611832],[-71.409571,41.61041],[-71.411948,41.611121],[-71.416939,41.604901],[-71.414325,41.60259],[-71.403613,41.602959],[-71.40377,41.589321],[-71.410997,41.586593],[-71.419584,41.585781],[-71.430249,41.583393],[-71.439519,41.577348],[-71.438806,41.581437],[-71.440945,41.584993],[-71.446412,41.583215],[-71.444272,41.578948],[-71.44705,41.578429],[-71.446412,41.574503],[-71.438093,41.570591],[-71.444091,41.568043],[-71.443831,41.566068],[-71.442157,41.563816],[-71.439064,41.56368],[-71.437356,41.562223],[-71.435179,41.562132],[-71.434371,41.561633],[-71.435227,41.559541],[-71.434783,41.558097],[-71.432716,41.557384],[-71.430175,41.558237],[-71.428407,41.557085],[-71.427873,41.555475],[-71.431045,41.550103],[-71.428646,41.546986],[-71.424777,41.549431],[-71.423357,41.548182],[-71.426671,41.543563],[-71.423119,41.538754],[-71.417652,41.536263],[-71.418128,41.532171],[-71.415513,41.529858],[-71.415911,41.527941],[-71.414825,41.523126],[-71.414937,41.516303],[-71.421425,41.498629],[-71.420858,41.493215],[-71.418603,41.492126],[-71.420759,41.489979],[-71.420267,41.48358],[-71.417957,41.482073],[-71.417621,41.477934],[-71.418404,41.472652],[-71.421157,41.469888],[-71.422991,41.472682],[-71.427635,41.47254],[-71.430744,41.470636],[-71.430926,41.465655],[-71.430012,41.461141],[-71.426684,41.458825],[-71.425817,41.456002],[-71.426855,41.454127],[-71.430259,41.453036],[-71.432087,41.449389],[-71.431137,41.447301],[-71.438129,41.441654],[-71.43833,41.439585],[-71.4406,41.438368],[-71.442223,41.439721],[-71.442788,41.441398],[-71.448948,41.438479],[-71.455845,41.432986],[-71.455004,41.430318],[-71.455388,41.428005],[-71.45482,41.421821],[-71.452643,41.41778],[-71.452974,41.409676],[-71.455371,41.407962],[-71.456211,41.405123],[-71.462325,41.401276],[-71.462523,41.398224],[-71.463743,41.395753],[-71.467312,41.394951],[-71.468984,41.393621],[-71.474918,41.386104],[-71.484203,41.371842],[-71.48294,41.365929],[-71.480439,41.362416],[-71.480875,41.360248],[-71.484658,41.361436],[-71.487696,41.361487],[-71.489218,41.362373],[-71.488956,41.364351],[-71.494898,41.368275],[-71.497275,41.371307],[-71.502926,41.3742],[-71.513401,41.375237],[-71.520163,41.376523],[-71.526429,41.376919],[-71.531546,41.376493],[-71.535372,41.374964],[-71.537237,41.373329],[-71.540901,41.373011],[-71.545289,41.374039],[-71.551566,41.374423],[-71.586094,41.36809],[-71.594756,41.365162],[-71.616506,41.362989],[-71.624158,41.36121],[-71.632989,41.358462],[-71.638315,41.355434],[-71.642851,41.355662],[-71.68807,41.342823],[-71.696688,41.340978],[-71.70517,41.334285],[-71.716036,41.331089],[-71.72427,41.332089],[-71.730717,41.33164],[-71.746758,41.328095],[-71.751656,41.325402],[-71.761029,41.328493],[-71.766395,41.328858],[-71.773702,41.327977],[-71.815337,41.320238],[-71.833755,41.315631],[-71.845285,41.31187],[-71.857432,41.306318],[-71.859899,41.309424],[-71.862772,41.309791],[-71.862109,41.316612],[-71.85957,41.322399],[-71.868727,41.327815],[-71.877521,41.336025],[-71.886302,41.33641],[-71.892665,41.33327],[-71.897962,41.333527],[-71.904655,41.327353],[-71.921206,41.327927],[-71.92763,41.33229],[-71.932663,41.333348],[-71.936284,41.337959],[-71.945652,41.337799],[-71.95413,41.327913],[-71.96244,41.321535],[-71.969266,41.321033],[-71.979447,41.329987],[-71.982194,41.329861],[-71.988153,41.320577],[-71.989231,41.315856],[-71.993724,41.319536],[-72.000678,41.318237],[-72.005143,41.306687],[-72.010838,41.307033],[-72.021898,41.316838],[-72.027497,41.316034],[-72.030262,41.312121],[-72.035341,41.312821],[-72.036447,41.31587],[-72.041527,41.318488],[-72.049123,41.319127],[-72.055068,41.312999],[-72.060535,41.312107],[-72.065048,41.315238],[-72.066956,41.318893],[-72.074104,41.318993],[-72.094443,41.314164],[-72.093097,41.309429],[-72.098438,41.307642],[-72.101358,41.303771],[-72.107782,41.302861],[-72.11182,41.299098],[-72.123044,41.301751],[-72.134221,41.299398],[-72.144041,41.30291],[-72.149665,41.310857],[-72.15632,41.313178],[-72.16158,41.310262],[-72.161073,41.306929],[-72.164401,41.303715],[-72.172715,41.309596],[-72.173922,41.317597],[-72.177622,41.322497],[-72.184122,41.323997],[-72.191022,41.323197],[-72.201422,41.315697],[-72.203022,41.313197],[-72.204022,41.299097],[-72.202294,41.294107],[-72.203684,41.287222],[-72.205788,41.285883],[-72.210387,41.285963],[-72.212348,41.288642],[-72.213132,41.291964],[-72.219763,41.293544],[-72.219977,41.29491],[-72.218857,41.296123],[-72.219763,41.29716],[-72.221582,41.296571],[-72.222936,41.29933],[-72.221689,41.300589],[-72.221724,41.301124],[-72.223828,41.301981],[-72.225183,41.301446],[-72.227536,41.298419],[-72.22996,41.298526],[-72.230209,41.297133],[-72.2316,41.29641],[-72.233133,41.298874],[-72.235735,41.30083],[-72.243971,41.299624],[-72.244827,41.298365],[-72.246823,41.297669],[-72.248161,41.299488],[-72.251895,41.29862],[-72.250515,41.294386],[-72.251323,41.289997],[-72.261487,41.282926],[-72.268805,41.28443],[-72.27798,41.284062],[-72.284687,41.280805],[-72.298804,41.27892],[-72.31776,41.277782],[-72.327595,41.27846],[-72.333894,41.282916],[-72.34171,41.296394],[-72.346463,41.311214],[-72.350504,41.31175],[-72.356208,41.299609],[-72.356446,41.291216],[-72.349316,41.284608],[-72.34261,41.268846],[-72.348101,41.270141],[-72.359063,41.268114],[-72.367617,41.263529],[-72.378573,41.264575],[-72.386629,41.261798],[-72.398688,41.278172],[-72.405718,41.276801],[-72.417699,41.278435],[-72.421679,41.275074],[-72.426161,41.274128],[-72.437966,41.278737],[-72.451925,41.278885],[-72.462256,41.274484],[-72.468102,41.269012],[-72.472539,41.270103],[-72.485693,41.270881],[-72.499534,41.265866],[-72.507133,41.260147],[-72.506974,41.256896],[-72.51031,41.256613],[-72.514529,41.258529],[-72.51802,41.257762],[-72.521312,41.2656],[-72.529416,41.264421],[-72.533247,41.26269],[-72.536032,41.25753],[-72.536759,41.250897],[-72.543941,41.248704],[-72.571136,41.268098],[-72.583336,41.271698],[-72.598036,41.268698],[-72.60408,41.270771],[-72.607956,41.270435],[-72.617237,41.271998],[-72.641538,41.266998],[-72.653838,41.265897],[-72.658424,41.265013],[-72.661028,41.268533],[-72.665667,41.270139],[-72.668819,41.265909],[-72.673216,41.26762],[-72.67964,41.261501],[-72.677052,41.258266],[-72.677477,41.254767],[-72.684114,41.258394],[-72.685071,41.258028],[-72.685539,41.251297],[-72.690439,41.246697],[-72.694744,41.24497],[-72.699081,41.247087],[-72.706139,41.243851],[-72.708973,41.244586],[-72.709224,41.247172],[-72.712397,41.247078],[-72.713242,41.248802],[-72.702618,41.255916],[-72.705788,41.259908],[-72.717256,41.255859],[-72.718567,41.256147],[-72.718863,41.256881],[-72.715387,41.25896],[-72.714789,41.261363],[-72.717385,41.262911],[-72.722674,41.259259],[-72.725688,41.259783],[-72.726955,41.258305],[-72.729276,41.258305],[-72.732442,41.255122],[-72.737041,41.257343],[-72.735307,41.261028],[-72.740131,41.262265],[-72.749603,41.259371],[-72.751497,41.262695],[-72.752166,41.26563],[-72.754444,41.266913],[-72.757477,41.266913],[-72.760541,41.266042],[-72.762057,41.267686],[-72.767157,41.265844],[-72.771035,41.266003],[-72.773569,41.263888],[-72.779444,41.265567],[-72.787283,41.264563],[-72.788217,41.262651],[-72.791093,41.259848],[-72.793946,41.260423],[-72.796528,41.260181],[-72.799951,41.257945],[-72.803531,41.257482],[-72.80656,41.25584],[-72.807609,41.252827],[-72.81124,41.250201],[-72.816706,41.249297],[-72.818408,41.24965],[-72.818554,41.251261],[-72.817586,41.252099],[-72.82143,41.25532],[-72.823563,41.255564],[-72.823572,41.256048],[-72.820667,41.259158],[-72.821342,41.261628],[-72.82319,41.261562],[-72.824658,41.262026],[-72.824423,41.263128],[-72.824834,41.263702],[-72.826242,41.263459],[-72.827621,41.264937],[-72.828766,41.26454],[-72.829206,41.261981],[-72.830937,41.259996],[-72.830174,41.259026],[-72.831436,41.255915],[-72.832932,41.254393],[-72.833959,41.250555],[-72.836101,41.248812],[-72.837099,41.248988],[-72.838507,41.25115],[-72.840532,41.253092],[-72.838743,41.256359],[-72.839857,41.256908],[-72.84106,41.256599],[-72.841676,41.257614],[-72.841295,41.258805],[-72.841794,41.259026],[-72.844523,41.258232],[-72.845051,41.257746],[-72.844904,41.25682],[-72.846929,41.256643],[-72.847398,41.257195],[-72.851007,41.256445],[-72.85001,41.255298],[-72.850421,41.250621],[-72.854617,41.248128],[-72.861058,41.245804],[-72.87013,41.245313],[-72.881509,41.243087],[-72.885622,41.244272],[-72.890042,41.244648],[-72.893579,41.242538],[-72.894578,41.242509],[-72.896703,41.245315],[-72.903429,41.248175],[-72.904116,41.249554],[-72.903754,41.251401],[-72.902727,41.252916],[-72.898705,41.255196],[-72.894666,41.25652],[-72.893845,41.259897],[-72.897496,41.265756],[-72.905359,41.270627],[-72.903099,41.277387],[-72.906194,41.283164],[-72.906432,41.292183],[-72.907621,41.296201],[-72.913087,41.296737],[-72.921881,41.289326],[-72.923938,41.285518],[-72.929652,41.280918],[-72.932533,41.280318],[-72.93291,41.280495],[-72.932695,41.281846],[-72.933136,41.282097],[-72.937592,41.28204],[-72.938108,41.281935],[-72.939163,41.280188],[-72.938023,41.278009],[-72.936566,41.276972],[-72.936413,41.273052],[-72.930642,41.267878],[-72.931106,41.267294],[-72.931016,41.262669],[-72.931305,41.262293],[-72.936192,41.259888],[-72.953154,41.255421],[-72.957213,41.252432],[-72.962062,41.251938],[-72.963482,41.247999],[-72.968901,41.243925],[-72.972039,41.237169],[-72.975136,41.233829],[-72.978347,41.23331],[-72.985586,41.235882],[-72.98687,41.235131],[-72.987546,41.231098],[-72.992042,41.223724],[-72.997028,41.222643],[-73.002548,41.222751],[-73.004084,41.221399],[-73.008387,41.210144],[-73.01455,41.204735],[-73.020219,41.204315],[-73.020278,41.206693],[-73.023297,41.207614],[-73.029645,41.207532],[-73.034895,41.206076],[-73.037941,41.201814],[-73.044724,41.209188],[-73.04657,41.210547],[-73.049598,41.21078],[-73.055452,41.209126],[-73.060836,41.205772],[-73.065948,41.198407],[-73.072963,41.197629],[-73.082045,41.192964],[-73.088843,41.187399],[-73.101493,41.173825],[-73.103288,41.174076],[-73.105458,41.172159],[-73.108005,41.168765],[-73.110352,41.159697],[-73.107039,41.155529],[-73.10109,41.154141],[-73.10302,41.151412],[-73.111052,41.150797],[-73.130253,41.146797],[-73.172196,41.159074],[-73.170701,41.164945],[-73.177774,41.166697],[-73.184359,41.164421],[-73.186186,41.159287],[-73.202656,41.158096],[-73.209402,41.154751],[-73.21551,41.14845],[-73.21651,41.148687],[-73.217067,41.152783],[-73.219741,41.15332],[-73.221345,41.151306],[-73.223781,41.150143],[-73.222653,41.148308],[-73.227569,41.143006],[-73.235058,41.143996],[-73.242565,41.128193],[-73.252619,41.124987],[-73.262388,41.118193],[-73.275116,41.121093],[-73.278752,41.125659],[-73.286759,41.127896],[-73.299003,41.124719],[-73.29861,41.120207],[-73.30664,41.116522],[-73.309101,41.114804],[-73.310792,41.115748],[-73.311267,41.116475],[-73.31546,41.116605],[-73.317665,41.116196],[-73.319286,41.11538],[-73.320875,41.115265],[-73.32497,41.113433],[-73.33066,41.109996],[-73.336409,41.111761],[-73.350351,41.106377],[-73.352671,41.101611],[-73.357078,41.103791],[-73.368249,41.107194],[-73.368011,41.101642],[-73.365396,41.097343],[-73.369199,41.095552],[-73.382787,41.0954],[-73.379693,41.090455],[-73.381028,41.088802],[-73.387732,41.091337],[-73.392162,41.087696],[-73.392967,41.082117],[-73.398196,41.081938],[-73.402474,41.086058],[-73.405632,41.082261],[-73.40785,41.081115],[-73.407228,41.075488],[-73.408416,41.071008],[-73.412932,41.071008],[-73.43325,41.055808],[-73.435063,41.056696],[-73.438152,41.055515],[-73.440841,41.055863],[-73.442796,41.057493],[-73.445849,41.05826],[-73.450482,41.05699],[-73.451394,41.057916],[-73.453641,41.057149],[-73.454202,41.05437],[-73.459572,41.052544],[-73.461713,41.053629],[-73.461502,41.054476],[-73.458905,41.05654],[-73.457817,41.058975],[-73.459397,41.059637],[-73.46483,41.058104],[-73.465173,41.058725],[-73.463959,41.059904],[-73.464661,41.060748],[-73.466731,41.061128],[-73.468977,41.060079],[-73.470474,41.056181],[-73.471508,41.055079],[-73.470487,41.054105],[-73.468311,41.05482],[-73.467258,41.054767],[-73.467153,41.052359],[-73.469575,41.050744],[-73.474032,41.05085],[-73.474383,41.049262],[-73.470028,41.048331],[-73.470242,41.047197],[-73.475998,41.043915],[-73.477366,41.036397],[-73.479086,41.036582],[-73.482823,41.046216],[-73.486063,41.046127],[-73.486804,41.042242],[-73.4886,41.040799],[-73.49141,41.042742],[-73.490473,41.044126],[-73.493947,41.048041],[-73.500582,41.046716],[-73.501063,41.044886],[-73.505968,41.042801],[-73.507958,41.038503],[-73.517279,41.039891],[-73.523292,41.036664],[-73.52115,41.03182],[-73.518496,41.031379],[-73.517013,41.030054],[-73.518262,41.028964],[-73.519238,41.024312],[-73.52306,41.020047],[-73.524391,41.02019],[-73.526967,41.019718],[-73.529081,41.017075],[-73.530353,41.017281],[-73.531215,41.02245],[-73.530189,41.028776],[-73.532786,41.03167],[-73.535338,41.03192],[-73.544845,41.025838],[-73.547436,41.022881],[-73.551494,41.024336],[-73.55644,41.020776],[-73.557168,41.017158],[-73.561968,41.016797],[-73.567668,41.010897],[-73.570068,41.001597],[-73.583968,41.000897],[-73.585115,41.005464],[-73.593191,41.012413],[-73.595699,41.015995],[-73.603952,41.015054],[-73.614722,41.008801],[-73.624943,41.00647],[-73.627086,41.001809],[-73.639885,41.003118],[-73.651175,40.995229],[-73.65676,40.987666],[-73.657783,40.9876],[-73.659005,40.988857],[-73.661895,40.988606],[-73.664911,40.983734],[-73.662114,40.981708],[-73.658113,40.982399],[-73.656297,40.979725],[-73.659011,40.975241],[-73.660114,40.96912],[-73.66284,40.966762],[-73.665725,40.967583],[-73.677615,40.964196],[-73.683113,40.949636],[-73.685394,40.948835],[-73.686473,40.945198],[-73.692678,40.944206],[-73.695413,40.940002],[-73.69747,40.939493],[-73.698303,40.940501],[-73.692576,40.953523],[-73.693223,40.955019],[-73.695392,40.95472],[-73.704904,40.940344],[-73.70718,40.939435],[-73.708734,40.940622],[-73.707885,40.942657],[-73.708796,40.944738],[-73.715964,40.944514],[-73.720618,40.940981],[-73.721739,40.932037],[-73.734353,40.921536],[-73.73583,40.923743],[-73.737493,40.928053],[-73.742247,40.927693],[-73.743911,40.923384],[-73.743764,40.917785],[-73.756776,40.912599],[-73.76465,40.90273],[-73.766558,40.89731],[-73.781338,40.885447],[-73.783076,40.881977],[-73.783911,40.881683],[-73.786049,40.882374],[-73.787555,40.884377],[-73.788809,40.884305],[-73.789969,40.883685],[-73.791537,40.88415],[-73.79254,40.883981],[-73.794928,40.88056],[-73.794926,40.879187],[-73.793698,40.878725],[-73.790826,40.880236],[-73.788885,40.878993],[-73.78576,40.878788],[-73.785335,40.876685],[-73.786826,40.874535],[-73.783471,40.872365],[-73.783443,40.871019],[-73.784725,40.870026],[-73.791209,40.868946],[-73.795221,40.857496],[-73.798837,40.854221],[-73.798133,40.851307],[-73.799843,40.848667],[-73.801366,40.848763],[-73.804633,40.85462],[-73.803824,40.858112],[-73.804417,40.861616],[-73.805977,40.861811],[-73.807558,40.860484],[-73.809042,40.860466],[-73.810934,40.862762],[-73.815398,40.864592],[-73.817976,40.863639],[-73.816923,40.86147],[-73.813731,40.860411],[-73.8126,40.8587],[-73.8126,40.854386],[-73.816641,40.853487],[-73.814977,40.845169],[-73.816688,40.843896],[-73.815205,40.831075],[-73.812869,40.827709],[-73.814172,40.825911],[-73.812772,40.824421],[-73.808502,40.825744],[-73.80702,40.825248],[-73.804518,40.818546],[-73.798306,40.816805],[-73.798319,40.815852],[-73.802716,40.812551],[-73.803358,40.811484],[-73.80184,40.810316],[-73.790859,40.806568],[-73.79024,40.805032],[-73.793746,40.803506],[-73.795206,40.79167],[-73.793879,40.789013],[-73.78413,40.790088],[-73.780798,40.791862],[-73.78071,40.795628],[-73.778271,40.796725],[-73.775558,40.795613],[-73.770642,40.788379],[-73.774334,40.786216],[-73.767843,40.778832],[-73.76554,40.774518],[-73.75787,40.766946],[-73.756221,40.766364],[-73.754918,40.767248],[-73.755256,40.771657],[-73.753388,40.77307],[-73.755107,40.776588],[-73.752998,40.781289],[-73.750295,40.782478],[-73.749758,40.784797],[-73.752373,40.786859],[-73.754131,40.796293],[-73.753418,40.799532],[-73.758885,40.802231],[-73.763951,40.806939],[-73.76554,40.810866],[-73.754032,40.820941],[-73.7544,40.826837],[-73.75627,40.830472],[-73.757221,40.833888],[-73.753009,40.838392],[-73.750566,40.835867],[-73.747001,40.833349],[-73.742722,40.832989],[-73.738877,40.82794],[-73.731918,40.82694],[-73.729985,40.823533],[-73.726703,40.823696],[-73.721851,40.82187],[-73.717174,40.81533],[-73.717654,40.813889],[-73.715268,40.808789],[-73.716287,40.805104],[-73.713404,40.803467],[-73.710934,40.805751],[-73.707596,40.813622],[-73.703957,40.817433],[-73.705644,40.822558],[-73.702825,40.832198],[-73.700112,40.833512],[-73.700448,40.834734],[-73.702747,40.836423],[-73.704551,40.836525],[-73.708332,40.833566],[-73.710611,40.834849],[-73.712718,40.83883],[-73.721946,40.837127],[-73.725439,40.839297],[-73.727733,40.838511],[-73.726802,40.833454],[-73.728462,40.832989],[-73.729888,40.835867],[-73.730363,40.84234],[-73.737566,40.848409],[-73.737106,40.849745],[-73.727952,40.852888],[-73.726675,40.8568],[-73.730675,40.8654],[-73.729575,40.8665],[-73.721732,40.865476],[-73.717488,40.868774],[-73.714053,40.869989],[-73.676694,40.857237],[-73.676058,40.854544],[-73.660485,40.834608],[-73.654357,40.828863],[-73.648602,40.828821],[-73.653355,40.836406],[-73.653851,40.844392],[-73.652328,40.850154],[-73.648126,40.85389],[-73.648242,40.856064],[-73.652575,40.858334],[-73.65297,40.861883],[-73.655784,40.864939],[-73.654372,40.878199],[-73.647422,40.884089],[-73.641072,40.892599],[-73.639807,40.89662],[-73.633771,40.898198],[-73.633134,40.90269],[-73.626972,40.899397],[-73.617571,40.897898],[-73.614199,40.900127],[-73.613053,40.902208],[-73.608671,40.903267],[-73.605786,40.90207],[-73.60187,40.902798],[-73.59454,40.90867],[-73.582329,40.909581],[-73.576109,40.91117],[-73.569969,40.915398],[-73.566169,40.915798],[-73.557434,40.911572],[-73.548068,40.908698],[-73.538793,40.912069],[-73.531063,40.91356],[-73.52752,40.916623],[-73.521423,40.918304],[-73.521205,40.914763],[-73.512145,40.911912],[-73.51146,40.909015],[-73.50742,40.908656],[-73.50837,40.90147],[-73.512886,40.902548],[-73.517164,40.901111],[-73.519779,40.895721],[-73.521205,40.890511],[-73.520254,40.886738],[-73.533089,40.8853],[-73.533802,40.890151],[-73.528335,40.892308],[-73.523582,40.897877],[-73.522631,40.904704],[-73.523582,40.909554],[-73.527622,40.910811],[-73.531425,40.909913],[-73.537367,40.904524],[-73.547825,40.903626],[-73.547825,40.901111],[-73.549013,40.894823],[-73.547112,40.889972],[-73.548063,40.886378],[-73.541883,40.876854],[-73.528098,40.878112],[-73.521918,40.873978],[-73.515025,40.874158],[-73.510747,40.875596],[-73.506231,40.872361],[-73.505518,40.875596],[-73.51146,40.887995],[-73.508608,40.890691],[-73.508846,40.893745],[-73.498863,40.895182],[-73.494822,40.894823],[-73.4915,40.890582],[-73.489594,40.884581],[-73.49102,40.882245],[-73.48793,40.877034],[-73.483414,40.874158],[-73.476521,40.871462],[-73.469391,40.86643],[-73.464637,40.868227],[-73.465113,40.870923],[-73.470817,40.875057],[-73.47297,40.881297],[-73.473194,40.892847],[-73.475333,40.897518],[-73.479373,40.899853],[-73.485078,40.908656],[-73.486831,40.915415],[-73.489921,40.919707],[-73.496518,40.923141],[-73.496886,40.925667],[-73.492764,40.941439],[-73.485365,40.946397],[-73.478365,40.942297],[-73.463708,40.937697],[-73.437956,40.934651],[-73.430189,40.928688],[-73.429358,40.92071],[-73.435165,40.914044],[-73.436496,40.911425],[-73.433976,40.909015],[-73.426608,40.906141],[-73.413463,40.904046],[-73.402603,40.905782],[-73.396692,40.908937],[-73.386534,40.904687],[-73.383603,40.90022],[-73.380125,40.900181],[-73.377264,40.906897],[-73.376263,40.912398],[-73.373892,40.912864],[-73.369961,40.908396],[-73.362389,40.90396],[-73.358238,40.898233],[-73.359617,40.894962],[-73.357556,40.893045],[-73.353581,40.894842],[-73.352468,40.897917],[-73.35343,40.902261],[-73.35683,40.906136],[-73.358168,40.911382],[-73.354059,40.912923],[-73.351902,40.918437],[-73.351658,40.922698],[-73.353162,40.924296],[-73.360323,40.925218],[-73.364261,40.928749],[-73.37027,40.930277],[-73.376698,40.929077],[-73.377354,40.925624],[-73.37929,40.925532],[-73.380345,40.92819],[-73.381868,40.92865],[-73.385289,40.926381],[-73.388202,40.925624],[-73.388497,40.924244],[-73.389506,40.923629],[-73.391469,40.923983],[-73.393157,40.925939],[-73.397396,40.927998],[-73.398937,40.930007],[-73.401199,40.930107],[-73.40354,40.931329],[-73.403462,40.942197],[-73.40196,40.946997],[-73.403062,40.949117],[-73.402068,40.954393],[-73.399239,40.955677],[-73.392862,40.955297],[-73.374462,40.937597],[-73.365961,40.931697],[-73.352761,40.926697],[-73.344881,40.924413],[-73.344211,40.926715],[-73.33136,40.929597],[-73.295059,40.924497],[-73.267435,40.914721],[-73.237394,40.909179],[-73.228384,40.905961],[-73.172984,40.921104],[-73.154475,40.927888],[-73.147077,40.928721],[-73.144719,40.944546],[-73.144673,40.955842],[-73.148048,40.95965],[-73.154446,40.961658],[-73.158757,40.966399],[-73.158129,40.967517],[-73.148289,40.966015],[-73.138766,40.966404],[-73.130275,40.968928],[-73.118434,40.977294],[-73.110368,40.971938],[-73.102399,40.969195],[-73.093863,40.969013],[-73.090498,40.972009],[-73.077551,40.972801],[-73.05496,40.964819],[-73.047646,40.963628],[-73.043765,40.962114],[-73.040934,40.964497],[-72.995931,40.966498],[-72.955163,40.966146],[-72.913834,40.962466],[-72.88825,40.962962],[-72.86564,40.964536],[-72.833129,40.970116],[-72.800528,40.966697],[-72.774104,40.965314],[-72.745656,40.968445],[-72.720941,40.97392],[-72.708069,40.977851],[-72.685761,40.980288],[-72.673164,40.978673],[-72.648451,40.981296],[-72.635562,40.981957],[-72.619826,40.986402],[-72.585327,40.997587],[-72.544768,41.022097],[-72.517981,41.040118],[-72.50964,41.040909],[-72.49363,41.046506],[-72.48966,41.049109],[-72.477306,41.052212],[-72.459252,41.06636],[-72.445242,41.086116],[-72.417945,41.087955],[-72.397,41.096307],[-72.386119,41.106237],[-72.382555,41.114534],[-72.37551,41.118835],[-72.370122,41.119739],[-72.362285,41.125965],[-72.356087,41.133635],[-72.354123,41.139952],[-72.346398,41.141006],[-72.339234,41.140887],[-72.333351,41.138018],[-72.326481,41.137643],[-72.321635,41.138716],[-72.31669,41.143214],[-72.312775,41.148002],[-72.307525,41.147011],[-72.298949,41.152801],[-72.291109,41.155874],[-72.278789,41.158722],[-72.272997,41.15501],[-72.266947,41.15408],[-72.252678,41.159629],[-72.247003,41.160944],[-72.239673,41.159461],[-72.23549,41.160382],[-72.234026,41.160032],[-72.233927,41.158914],[-72.24258,41.153296],[-72.251816,41.141962],[-72.254744,41.133986],[-72.2608,41.129785],[-72.265124,41.128482],[-72.269346,41.128154],[-72.278741,41.122222],[-72.289306,41.117793],[-72.294106,41.114121],[-72.295995,41.114287],[-72.296366,41.115558],[-72.293151,41.11786],[-72.284469,41.126273],[-72.285212,41.1273],[-72.300044,41.132059],[-72.308801,41.13979],[-72.312841,41.140327],[-72.317119,41.139432],[-72.318146,41.137134],[-72.32663,41.132162],[-72.329716,41.126006],[-72.335271,41.120274],[-72.339163,41.115045],[-72.338999,41.110236],[-72.335177,41.106917],[-72.329954,41.105951],[-72.32425,41.101652],[-72.320998,41.100584],[-72.320447,41.094309],[-72.317238,41.088659],[-72.308088,41.086785],[-72.30181,41.082371],[-72.297718,41.081042],[-72.292163,41.08159],[-72.280373,41.080402],[-72.277427,41.078723],[-72.276239,41.076932],[-72.278731,41.072131],[-72.283093,41.067874],[-72.274046,41.052428],[-72.280892,41.047728],[-72.279724,41.041598],[-72.275875,41.03657],[-72.266733,41.035642],[-72.260515,41.042065],[-72.241252,41.04477],[-72.229364,41.044355],[-72.217476,41.040611],[-72.209213,41.034455],[-72.201859,41.032275],[-72.190563,41.032579],[-72.183266,41.035619],[-72.17949,41.038435],[-72.174882,41.046147],[-72.162898,41.053187],[-72.16037,41.053827],[-72.153857,41.051859],[-72.145773,41.045243],[-72.137297,41.039684],[-72.135137,41.031284],[-72.137409,41.023908],[-72.126738,41.015627],[-72.116368,40.999796],[-72.109008,40.994084],[-72.10216,40.991509],[-72.095456,40.991349],[-72.083039,40.996453],[-72.079951,41.003429],[-72.080058,41.006064],[-72.077494,41.008216],[-72.062913,41.011317],[-72.061252,41.016909],[-72.056679,41.018186],[-72.054564,41.02184],[-72.048772,41.022592],[-72.042065,41.020671],[-72.034521,41.019614],[-72.025498,41.020515],[-72.01693,41.023517],[-72.012337,41.02944],[-71.997237,41.040889],[-71.992638,41.047147],[-71.982126,41.047831],[-71.978736,41.042961],[-71.972232,41.040839],[-71.963513,41.042533],[-71.957256,41.048278],[-71.958041,41.054703],[-71.961563,41.064021],[-71.959595,41.071237],[-71.955203,41.07307],[-71.945864,41.073706],[-71.93825,41.077413],[-71.919385,41.080517],[-71.904329,41.085989],[-71.901146,41.084772],[-71.899256,41.080837],[-71.895496,41.077381],[-71.889543,41.075701],[-71.879789,41.076752],[-71.869558,41.075046],[-71.86447,41.076918],[-71.857494,41.073558],[-71.856483,41.071037],[-71.860824,41.065696],[-71.865909,41.062545],[-71.867421,41.059394],[-71.872719,41.056334],[-71.87474,41.052035],[-71.888814,41.047449],[-71.901491,41.042584],[-71.902566,41.041127],[-71.90877,41.039577],[-71.916745,41.039646],[-71.935689,41.034182],[-71.958819,41.026726],[-72.029357,40.999909],[-72.114448,40.972085],[-72.236045,40.927485],[-72.258697,40.918064],[-72.340031,40.887087],[-72.39585,40.86666],[-72.469996,40.84274],[-72.474097,40.840837],[-72.484332,40.838689],[-72.573441,40.813251],[-72.663082,40.788551],[-72.745208,40.767091],[-72.753112,40.763571],[-72.757176,40.764371],[-72.768152,40.761587],[-72.863164,40.732962],[-72.923214,40.713282],[-73.012545,40.679651],[-73.054963,40.666371],[-73.085456,40.658738],[-73.154421,40.643376],[-73.167614,40.641043],[-73.20844,40.630884],[-73.23914,40.6251],[-73.262348,40.621962],[-73.306396,40.620756],[-73.3114,40.622118],[-73.326262,40.6331],[-73.341766,40.6327],[-73.351465,40.6305],[-73.392121,40.618174],[-73.417311,40.611128],[-73.450369,40.603501],[-73.497215,40.594941],[-73.515308,40.592202],[-73.549121,40.584814],[-73.571791,40.578257],[-73.573336,40.578977],[-73.57056,40.583675],[-73.578303,40.58581],[-73.59257,40.585592],[-73.598995,40.586791],[-73.610873,40.587703],[-73.640902,40.582823],[-73.705146,40.583669],[-73.742686,40.586791],[-73.754332,40.584542],[-73.755083,40.58567],[-73.751181,40.588669],[-73.750311,40.59064],[-73.752349,40.591809],[-73.757903,40.59208],[-73.774928,40.590759],[-73.806834,40.584619],[-73.834491,40.577421],[-73.878843,40.562098],[-73.89623,40.557378],[-73.905141,40.556401],[-73.937988,40.543737],[-73.940542,40.54404],[-73.939917,40.554006],[-73.935379,40.557387],[-73.931616,40.557527],[-73.925461,40.561273],[-73.911243,40.564874],[-73.905844,40.562501],[-73.899751,40.563441],[-73.892091,40.568267],[-73.882437,40.568233],[-73.879222,40.574656],[-73.88348,40.578935],[-73.894101,40.577628],[-73.895545,40.577977],[-73.896508,40.583311],[-73.898677,40.587477],[-73.900446,40.588096],[-73.902062,40.587498],[-73.906264,40.587411],[-73.911437,40.5859],[-73.913274,40.582879],[-73.915839,40.582004],[-73.922742,40.583512],[-73.930162,40.583596],[-73.933123,40.582267],[-73.9313,40.576684],[-73.931968,40.57577],[-73.946295,40.5756],[-73.990899,40.570628],[-74.0,40.57060668618267],[-74.0,40.58141555813952],[-73.998272,40.581871],[-73.998181,40.582982],[-73.999347,40.584552],[-73.99594,40.588268],[-73.997084,40.591414],[-74.0,40.593620078647184],[-74.0,40.69806215009248],[-73.996357,40.703378],[-73.997121,40.705621],[-74.0,40.70632649513259],[-74.0,44.0]]],[[[-73.625127,40.981213],[-73.626813,40.981906],[-73.630081,40.980144],[-73.630573,40.980707],[-73.62948,40.983646],[-73.626647,40.983049],[-73.623765,40.984696],[-73.622717,40.984559],[-73.621865,40.98247],[-73.623609,40.982138],[-73.625127,40.981213]]],[[[-73.613369,40.988883],[-73.609727,40.990786],[-73.607569,40.990397],[-73.609634,40.988742],[-73.612528,40.987474],[-73.613369,40.988883]]],[[[-73.637457,40.992196],[-73.639509,40.991329],[-73.639147,40.989542],[-73.640819,40.989236],[-73.64141,40.99061],[-73.642594,40.991597],[-73.644725,40.995606],[-73.645767,40.996001],[-73.644289,40.998289],[-73.642966,40.997833],[-73.640451,40.99464],[-73.639325,40.994028],[-73.638435,40.994092],[-73.637667,40.993249],[-73.637457,40.992196]]],[[[-73.422165,41.047562],[-73.416886,41.053932],[-73.404774,41.06213],[-73.399815,41.062418],[-73.399148,41.06098],[-73.401055,41.0576],[-73.401532,41.053717],[-73.406077,41.052361],[-73.409542,41.052998],[-73.422165,41.047562]]],[[[-73.386655,41.066301],[-73.389993,41.064287],[-73.38799,41.061052],[-73.385797,41.059757],[-73.386178,41.058391],[-73.387227,41.058247],[-73.391805,41.061411],[-73.395238,41.064431],[-73.394189,41.067379],[-73.392281,41.07083],[-73.388181,41.073275],[-73.381887,41.072196],[-73.381314,41.070686],[-73.383889,41.069248],[-73.386655,41.066301]]],[[[-73.357664,41.081973],[-73.360141,41.08202],[-73.363767,41.083626],[-73.369775,41.088802],[-73.364244,41.088945],[-73.361764,41.087508],[-73.360334,41.085711],[-73.358808,41.086645],[-73.353754,41.087508],[-73.355089,41.083483],[-73.357664,41.081973]]],[[[-72.114475,41.110487],[-72.092891,41.103999],[-72.087339,41.100942],[-72.082123,41.101397],[-72.077929,41.099873],[-72.077109,41.096708],[-72.085863,41.090398],[-72.086856,41.085714],[-72.085482,41.078447],[-72.082571,41.073162],[-72.082941,41.070953],[-72.086427,41.068815],[-72.086999,41.059031],[-72.095123,41.054208],[-72.0972,41.054884],[-72.097136,41.075844],[-72.103152,41.086484],[-72.1064,41.088883],[-72.12056,41.093171],[-72.137743,41.092982],[-72.141921,41.094371],[-72.142929,41.097811],[-72.139963,41.101612],[-72.133266,41.103681],[-72.128352,41.108131],[-72.126704,41.115139],[-72.127893,41.120438],[-72.125973,41.121182],[-72.121101,41.115139],[-72.114475,41.110487]]],[[[-73.214987,41.144473],[-73.215269,41.142644],[-73.216689,41.141968],[-73.217629,41.142354],[-73.217168,41.143906],[-73.216107,41.144466],[-73.214987,41.144473]]],[[[-72.161542,41.188776],[-72.167348,41.185978],[-72.178653,41.18407],[-72.18413,41.185013],[-72.186805,41.183104],[-72.197319,41.165468],[-72.200056,41.165633],[-72.204397,41.171787],[-72.211999,41.173544],[-72.211393,41.176562],[-72.208683,41.179428],[-72.189141,41.188311],[-72.185612,41.188607],[-72.182067,41.187467],[-72.172972,41.187296],[-72.164225,41.190376],[-72.161834,41.190324],[-72.161542,41.188776]]],[[[-71.597457,41.185186],[-71.594994,41.188392],[-71.593419,41.191445],[-71.592944,41.198911],[-71.58955,41.196557],[-71.585853,41.200249],[-71.580634,41.203374],[-71.578519,41.20908],[-71.576924,41.211024],[-71.576319,41.22491],[-71.577691,41.231232],[-71.574376,41.227838],[-71.570301,41.225342],[-71.567977,41.224673],[-71.565785,41.22495],[-71.562546,41.224217],[-71.55991,41.221632],[-71.55862,41.219193],[-71.555861,41.216637],[-71.554067,41.212957],[-71.555564,41.208315],[-71.557951,41.204515],[-71.561372,41.200601],[-71.564119,41.195372],[-71.566405,41.188207],[-71.566345,41.184277],[-71.564667,41.179674],[-71.561299,41.175765],[-71.55791,41.173018],[-71.554627,41.173423],[-71.552889,41.169117],[-71.550226,41.166787],[-71.544446,41.164912],[-71.545594,41.163453],[-71.543872,41.161321],[-71.545434,41.159961],[-71.545468,41.157486],[-71.547051,41.153684],[-71.551953,41.151718],[-71.556527,41.151569],[-71.561479,41.150491],[-71.56589,41.149009],[-71.568668,41.149368],[-71.578573,41.14762],[-71.580505,41.149092],[-71.587375,41.148062],[-71.5937,41.146339],[-71.595495,41.147371],[-71.599993,41.146932],[-71.611567,41.153905],[-71.613133,41.160281],[-71.610529,41.162643],[-71.610572,41.168374],[-71.609353,41.171727],[-71.607985,41.172862],[-71.607794,41.175399],[-71.605565,41.182139],[-71.601294,41.183213],[-71.597457,41.185186]]],[[[-72.741058,41.252691],[-72.742891,41.252631],[-72.745484,41.250982],[-72.745661,41.249723],[-72.749871,41.247308],[-72.757135,41.244305],[-72.760341,41.241235],[-72.761427,41.242333],[-72.759733,41.248454],[-72.75886,41.253843],[-72.756353,41.25548],[-72.754658,41.255929],[-72.747678,41.255855],[-72.740299,41.256454],[-72.740099,41.255105],[-72.741058,41.252691]]],[[[-72.763066,41.260377],[-72.762344,41.260356],[-72.761187,41.258996],[-72.761419,41.258643],[-72.763115,41.258037],[-72.763977,41.258511],[-72.764251,41.259212],[-72.763066,41.260377]]],[[[-72.022864,41.264355],[-72.021117,41.269588],[-72.023215,41.270626],[-72.024234,41.273066],[-72.023055,41.274847],[-72.020281,41.275194],[-72.007872,41.270946],[-72.00742,41.269748],[-72.009468,41.268452],[-72.009775,41.26622],[-72.012992,41.264324],[-72.010039,41.262005],[-72.006941,41.262306],[-72.007102,41.263988],[-72.004607,41.264149],[-71.99435,41.270507],[-71.992972,41.279556],[-71.991117,41.281331],[-71.984477,41.281505],[-71.977368,41.279307],[-71.974219,41.281074],[-71.969671,41.281181],[-71.968646,41.284795],[-71.96595,41.284795],[-71.961833,41.28292],[-71.957755,41.283317],[-71.954056,41.284987],[-71.951259,41.282914],[-71.948438,41.282461],[-71.946762,41.284364],[-71.942293,41.282705],[-71.939982,41.284767],[-71.942982,41.287286],[-71.939376,41.291263],[-71.934834,41.290164],[-71.924824,41.292296],[-71.922614,41.29234],[-71.9224,41.291563],[-71.925061,41.289997],[-71.928233,41.288854],[-71.928555,41.288357],[-71.92876,41.285062],[-71.935259,41.280579],[-71.945981,41.279877],[-71.946957,41.277923],[-71.947971,41.277917],[-71.949978,41.279347],[-71.955053,41.276916],[-71.954482,41.276021],[-71.95536,41.275462],[-71.960025,41.275764],[-71.961562,41.27683],[-71.967144,41.274692],[-71.968092,41.273026],[-71.972784,41.271908],[-71.976195,41.269199],[-71.979548,41.267616],[-71.983137,41.26682],[-71.98483,41.265121],[-71.990064,41.262611],[-71.995358,41.256154],[-72.002461,41.252867],[-72.005438,41.253189],[-72.010178,41.255255],[-72.017122,41.255425],[-72.025917,41.251026],[-72.036846,41.249794],[-72.037695,41.251282],[-72.03472,41.25642],[-72.031645,41.257843],[-72.029438,41.26309],[-72.027833,41.263399],[-72.0259,41.261219],[-72.02294,41.261539],[-72.021292,41.262356],[-72.022864,41.264355]]],[[[-72.223899,41.293464],[-72.225325,41.293303],[-72.225931,41.293839],[-72.225226,41.295258],[-72.223756,41.294857],[-72.223899,41.293464]]],[[[-71.33978,41.498823],[-71.338665,41.496179],[-71.338665,41.494926],[-71.343126,41.494926],[-71.343126,41.497292],[-71.341267,41.500494],[-71.33978,41.498823]]],[[[-71.401791,41.500095],[-71.403238,41.497583],[-71.404475,41.497328],[-71.405096,41.498214],[-71.402966,41.502999],[-71.403626,41.504566],[-71.401407,41.506267],[-71.399621,41.506617],[-71.397391,41.5062],[-71.396276,41.503695],[-71.400349,41.500106],[-71.401791,41.500095]]],[[[-71.397507,41.486979],[-71.399993,41.488801],[-71.40055,41.490332],[-71.399435,41.492977],[-71.396833,41.493255],[-71.395927,41.492215],[-71.392373,41.491863],[-71.38401,41.493812],[-71.38494,41.497014],[-71.383453,41.50105],[-71.378914,41.504948],[-71.379179,41.5062],[-71.382996,41.5082],[-71.38494,41.510792],[-71.391005,41.514578],[-71.392559,41.517611],[-71.392137,41.524468],[-71.388842,41.534446],[-71.385683,41.539036],[-71.386613,41.545832],[-71.385497,41.548355],[-71.384478,41.556736],[-71.383734,41.558241],[-71.381409,41.558786],[-71.38132,41.563123],[-71.379021,41.567772],[-71.373618,41.573214],[-71.370194,41.573963],[-71.36356,41.57086],[-71.362825,41.565599],[-71.361907,41.564346],[-71.359868,41.556308],[-71.360405,41.547792],[-71.362267,41.543766],[-71.364683,41.541401],[-71.364869,41.539593],[-71.36394,41.53542],[-71.362639,41.532498],[-71.361338,41.526377],[-71.361561,41.523587],[-71.363382,41.518585],[-71.365426,41.516637],[-71.365612,41.513993],[-71.365233,41.512026],[-71.363382,41.510097],[-71.361152,41.510097],[-71.359851,41.510653],[-71.357621,41.508705],[-71.358922,41.503277],[-71.363175,41.501191],[-71.365984,41.498823],[-71.366541,41.494787],[-71.360867,41.486148],[-71.35948,41.483093],[-71.35409,41.480448],[-71.354315,41.478891],[-71.357064,41.479195],[-71.358736,41.477106],[-71.364239,41.476476],[-71.368214,41.477802],[-71.371745,41.477524],[-71.37286,41.475435],[-71.37509,41.473764],[-71.376763,41.474878],[-71.378249,41.479334],[-71.378249,41.482815],[-71.379179,41.486156],[-71.380665,41.488801],[-71.383453,41.488662],[-71.38624,41.487687],[-71.384702,41.482822],[-71.384754,41.478359],[-71.382152,41.472372],[-71.381594,41.468055],[-71.383586,41.464782],[-71.384505,41.464108],[-71.386798,41.464574],[-71.389028,41.465549],[-71.390143,41.464156],[-71.389284,41.460605],[-71.390275,41.455043],[-71.396037,41.452016],[-71.399568,41.448596],[-71.40078,41.454975],[-71.40056,41.46094],[-71.399063,41.463878],[-71.395904,41.464713],[-71.394417,41.46722],[-71.39609,41.471397],[-71.397577,41.473764],[-71.396648,41.478916],[-71.398134,41.484903],[-71.397507,41.486979]]],[[[-71.345913,41.53695],[-71.344984,41.537923],[-71.343126,41.535837],[-71.342382,41.532498],[-71.342568,41.52902],[-71.345913,41.529577],[-71.346285,41.534168],[-71.345913,41.53695]]],[[[-71.364786,41.601431],[-71.369426,41.598172],[-71.371676,41.59733],[-71.373363,41.597436],[-71.372238,41.599854],[-71.369426,41.602062],[-71.36788,41.603954],[-71.367317,41.605952],[-71.365489,41.606688],[-71.36338,41.606688],[-71.363943,41.605426],[-71.36338,41.603534],[-71.364786,41.601431]]],[[[-71.343836,41.654861],[-71.345946,41.655345],[-71.350023,41.657131],[-71.35157,41.658602],[-71.351007,41.659757],[-71.348336,41.661228],[-71.34693,41.663329],[-71.348898,41.665324],[-71.344821,41.667005],[-71.344021,41.661495],[-71.33765,41.657972],[-71.337515,41.657049],[-71.339337,41.65503],[-71.338072,41.650828],[-71.334979,41.647466],[-71.332448,41.643789],[-71.333432,41.641792],[-71.336525,41.641897],[-71.334979,41.644209],[-71.335682,41.645785],[-71.337088,41.64673],[-71.342645,41.644237],[-71.34468,41.642528],[-71.343666,41.6399],[-71.340603,41.639691],[-71.339056,41.637064],[-71.336103,41.636223],[-71.334697,41.634437],[-71.326824,41.631704],[-71.317122,41.631389],[-71.315247,41.629952],[-71.314029,41.627921],[-71.308123,41.626239],[-71.307321,41.624017],[-71.304046,41.618777],[-71.303526,41.609639],[-71.304327,41.607949],[-71.30264,41.605531],[-71.30489,41.60448],[-71.306093,41.601343],[-71.307561,41.599118],[-71.307773,41.597409],[-71.3167,41.583134],[-71.326103,41.578583],[-71.3312,41.580318],[-71.335949,41.585898],[-71.337048,41.594688],[-71.333751,41.605859],[-71.331182,41.606898],[-71.329559,41.609097],[-71.330057,41.611103],[-71.326609,41.616114],[-71.325558,41.624137],[-71.327386,41.626344],[-71.328841,41.626202],[-71.337369,41.631284],[-71.344961,41.632335],[-71.347352,41.631284],[-71.350726,41.633911],[-71.352248,41.638928],[-71.353257,41.640846],[-71.352976,41.644734],[-71.353819,41.647466],[-71.352835,41.649252],[-71.350304,41.649042],[-71.347633,41.652824],[-71.346367,41.653349],[-71.344118,41.652824],[-71.343274,41.653769],[-71.343836,41.654861]]],[[[-71.35635,41.652089],[-71.360006,41.649882],[-71.362537,41.651143],[-71.364646,41.657551],[-71.366333,41.658917],[-71.367036,41.660703],[-71.362115,41.660178],[-71.360709,41.661123],[-71.354663,41.659757],[-71.353398,41.657866],[-71.35635,41.652089]]],[[[-70.811965,41.264839],[-70.811876,41.263388],[-70.809607,41.260703],[-70.802718,41.259052],[-70.801561,41.25841],[-70.803519,41.253261],[-70.803315,41.250225],[-70.804236,41.249458],[-70.809245,41.249068],[-70.810928,41.249554],[-70.812222,41.249408],[-70.81384,41.250576],[-70.821284,41.251014],[-70.825508,41.252277],[-70.830718,41.256278],[-70.832333,41.258362],[-70.832039,41.259495],[-70.829832,41.259748],[-70.823872,41.259472],[-70.819665,41.260064],[-70.817263,41.261639],[-70.814154,41.26228],[-70.811965,41.264839]]],[[[-70.800289,41.3538],[-70.783291,41.347829],[-70.774974,41.349176],[-70.768901,41.353246],[-70.758637,41.366948],[-70.749086,41.375188],[-70.745066,41.376586],[-70.740428,41.382777],[-70.736979,41.391526],[-70.731859,41.397797],[-70.729225,41.397728],[-70.724366,41.398942],[-70.719709,41.404664],[-70.712432,41.40885],[-70.711493,41.41546],[-70.709399,41.418661],[-70.706561,41.419198],[-70.705724,41.424023],[-70.701378,41.430925],[-70.700964,41.43401],[-70.697928,41.435589],[-70.695478,41.43501],[-70.689924,41.436841],[-70.686881,41.441334],[-70.684164,41.441938],[-70.679255,41.440598],[-70.67186,41.442364],[-70.669536,41.447174],[-70.665918,41.451094],[-70.665083,41.456226],[-70.659652,41.460677],[-70.64933,41.461068],[-70.64215,41.462316],[-70.632184,41.467499],[-70.620025,41.474592],[-70.603555,41.482384],[-70.598444,41.481151],[-70.595803,41.468728],[-70.599843,41.461426],[-70.599843,41.458576],[-70.59913,41.455369],[-70.596516,41.454122],[-70.592,41.455904],[-70.588435,41.460001],[-70.583681,41.460713],[-70.57485,41.468259],[-70.567356,41.471208],[-70.56328,41.469127],[-70.553277,41.452955],[-70.552943,41.443394],[-70.555588,41.430882],[-70.553096,41.423952],[-70.547567,41.415831],[-70.538301,41.409241],[-70.528581,41.4051],[-70.517584,41.403769],[-70.506984,41.400242],[-70.502372,41.392005],[-70.501306,41.385391],[-70.498959,41.384339],[-70.490758,41.383634],[-70.484503,41.38629],[-70.478389,41.392101],[-70.471687,41.3962],[-70.472604,41.399128],[-70.473035,41.408757],[-70.470788,41.412875],[-70.463833,41.419145],[-70.452497,41.42143],[-70.450431,41.420703],[-70.446233,41.39648],[-70.449268,41.380422],[-70.448262,41.353651],[-70.452244,41.349828],[-70.463292,41.347479],[-70.482429,41.348401],[-70.495026,41.347509],[-70.579165,41.350007],[-70.648805,41.346973],[-70.691112,41.344297],[-70.709826,41.341723],[-70.733253,41.336226],[-70.742487,41.332798],[-70.747541,41.329952],[-70.748393,41.326807],[-70.75408,41.324893],[-70.764188,41.318706],[-70.768015,41.311959],[-70.766166,41.308962],[-70.768687,41.303702],[-70.775665,41.300982],[-70.802083,41.314207],[-70.819415,41.327212],[-70.838777,41.347209],[-70.833802,41.353386],[-70.819852,41.353576],[-70.812309,41.355745],[-70.808093,41.355761],[-70.800289,41.3538]]],[[[-70.923088,41.430248],[-70.919932,41.425633],[-70.914795,41.42469],[-70.909139,41.423089],[-70.908587,41.422417],[-70.908999,41.421604],[-70.912813,41.421733],[-70.919085,41.423382],[-70.923341,41.422463],[-70.926188,41.41979],[-70.929039,41.415589],[-70.937155,41.412093],[-70.948996,41.409551],[-70.95095,41.411882],[-70.949185,41.415776],[-70.943735,41.415014],[-70.941228,41.418766],[-70.941099,41.421739],[-70.937008,41.425268],[-70.932356,41.425068],[-70.929762,41.429744],[-70.927475,41.431811],[-70.923088,41.430248]]],[[[-70.863668,41.442542],[-70.857103,41.450253],[-70.854636,41.4486],[-70.855824,41.440583],[-70.851071,41.43595],[-70.849169,41.435415],[-70.848563,41.432844],[-70.853725,41.428505],[-70.857793,41.426],[-70.862663,41.424115],[-70.871216,41.422085],[-70.884405,41.421498],[-70.889371,41.422631],[-70.896051,41.421826],[-70.902347,41.421718],[-70.9055,41.425253],[-70.903598,41.430782],[-70.901011,41.434453],[-70.894566,41.432742],[-70.887576,41.43323],[-70.882207,41.432564],[-70.8803,41.437969],[-70.872517,41.43936],[-70.868018,41.442354],[-70.863668,41.442542]]],[[[-70.808288,41.449491],[-70.809952,41.44664],[-70.808051,41.445037],[-70.810115,41.443692],[-70.814468,41.445928],[-70.822883,41.445311],[-70.830868,41.441295],[-70.836868,41.441968],[-70.841564,41.449134],[-70.840375,41.452875],[-70.838202,41.456012],[-70.832508,41.457951],[-70.82857,41.456728],[-70.82268,41.456783],[-70.820595,41.458507],[-70.812329,41.453232],[-70.808288,41.449491]]],[[[-70.925781,41.449585],[-70.925416,41.451732],[-70.923518,41.454366],[-70.920666,41.454553],[-70.917394,41.452339],[-70.915354,41.452477],[-70.915165,41.451034],[-70.920334,41.448889],[-70.921186,41.445393],[-70.925781,41.449585]]],[[[-71.324955,41.45469],[-71.324296,41.453924],[-71.325649,41.452106],[-71.32689,41.45196],[-71.327568,41.452868],[-71.326348,41.45471],[-71.324955,41.45469]]],[[[-70.787014,41.476687],[-70.784153,41.47796],[-70.779824,41.47707],[-70.775489,41.477098],[-70.771394,41.481782],[-70.770345,41.484945],[-70.767993,41.487788],[-70.761751,41.488076],[-70.757187,41.490986],[-70.754901,41.491016],[-70.750057,41.495437],[-70.747152,41.499889],[-70.743402,41.500956],[-70.737602,41.504261],[-70.730166,41.503176],[-70.726465,41.505625],[-70.722086,41.509272],[-70.718787,41.512874],[-70.710222,41.518915],[-70.707235,41.519947],[-70.702521,41.519644],[-70.700619,41.521779],[-70.698243,41.52089],[-70.700382,41.51733],[-70.699431,41.513593],[-70.69444,41.513949],[-70.692063,41.512525],[-70.687309,41.512347],[-70.682793,41.514305],[-70.678278,41.51733],[-70.676851,41.516797],[-70.675188,41.513949],[-70.674712,41.512347],[-70.677231,41.509755],[-70.681562,41.507269],[-70.685537,41.506668],[-70.689894,41.504529],[-70.693727,41.50683],[-70.698005,41.504516],[-70.702046,41.503982],[-70.707037,41.50149],[-70.706086,41.498108],[-70.704541,41.49681],[-70.709889,41.493657],[-70.712266,41.49063],[-70.722311,41.488279],[-70.72575,41.488432],[-70.73437,41.486891],[-70.739579,41.482365],[-70.747205,41.47781],[-70.756712,41.479057],[-70.759802,41.47692],[-70.76099,41.473002],[-70.757187,41.470687],[-70.755664,41.467146],[-70.758138,41.463029],[-70.761128,41.461112],[-70.766426,41.460527],[-70.767883,41.457685],[-70.776308,41.457664],[-70.784433,41.450333],[-70.790395,41.446535],[-70.796078,41.446793],[-70.799996,41.446167],[-70.805199,41.450381],[-70.806625,41.455013],[-70.8071,41.458576],[-70.802584,41.459288],[-70.801972,41.461912],[-70.802964,41.46487],[-70.801723,41.467275],[-70.798351,41.468806],[-70.792447,41.469289],[-70.789036,41.471934],[-70.787014,41.476687]]],[[[-71.326957,41.493116],[-71.325657,41.490054],[-71.325365,41.487601],[-71.3264,41.483789],[-71.327822,41.482985],[-71.329002,41.48713],[-71.328827,41.492334],[-71.326957,41.493116]]],[[[-71.301515,41.585658],[-71.298562,41.584922],[-71.297156,41.579768],[-71.299125,41.579768],[-71.300812,41.58061],[-71.301515,41.585658]]],[[[-70.824036,41.599554],[-70.82553,41.59634],[-70.823506,41.591748],[-70.819967,41.591369],[-70.81844,41.59084],[-70.818902,41.589333],[-70.82178,41.587065],[-70.822066,41.583551],[-70.823145,41.582865],[-70.829548,41.584598],[-70.835132,41.590875],[-70.838452,41.59646],[-70.835735,41.602349],[-70.834793,41.602655],[-70.832758,41.601515],[-70.831552,41.602001],[-70.831493,41.60422],[-70.830961,41.604697],[-70.830003,41.604539],[-70.824036,41.599554]]],[[[-71.277045,41.638031],[-71.283791,41.637797],[-71.285346,41.636853],[-71.285908,41.638009],[-71.285344,41.640379],[-71.288158,41.642948],[-71.288017,41.645575],[-71.286471,41.647571],[-71.281571,41.648207],[-71.278171,41.647309],[-71.276634,41.643649],[-71.276347,41.640531],[-71.272692,41.638535],[-71.272129,41.637064],[-71.277045,41.638031]]],[[[-70.930004,42.296811],[-70.935311,42.291927],[-70.937332,42.284916],[-70.942561,42.287522],[-70.94902,42.285946],[-70.95108,42.289726],[-70.94864,42.291637],[-70.941654,42.292214],[-70.9357,42.296523],[-70.935272,42.302101],[-70.929357,42.303321],[-70.92638,42.301406],[-70.926638,42.299204],[-70.930004,42.296811]]],[[[-70.957835,42.309831],[-70.958094,42.31165],[-70.95434,42.31299],[-70.951492,42.313564],[-70.948515,42.311937],[-70.94968,42.311076],[-70.952399,42.31098],[-70.95434,42.308587],[-70.957835,42.309831]]],[[[-71.011487,42.309299],[-71.014601,42.309869],[-71.017179,42.311751],[-71.016643,42.313731],[-71.01132,42.316355],[-71.006364,42.320911],[-71.000305,42.321282],[-70.999534,42.31992],[-71.000371,42.319326],[-71.003251,42.319524],[-71.006699,42.316133],[-71.011487,42.309299]]],[[[-70.930248,42.322292],[-70.925969,42.321909],[-70.925308,42.317223],[-70.928055,42.317223],[-70.93076,42.319027],[-70.93091,42.321605],[-70.930248,42.322292]]],[[[-70.95913,42.324572],[-70.963531,42.318542],[-70.965732,42.313469],[-70.968968,42.31299],[-70.971169,42.311171],[-70.974273,42.310198],[-70.977219,42.310249],[-70.977402,42.312294],[-70.970392,42.316245],[-70.967545,42.322895],[-70.957268,42.331661],[-70.952805,42.330627],[-70.953693,42.327921],[-70.95913,42.324572]]],[[[-70.989162,42.328304],[-70.984243,42.3284],[-70.983078,42.327156],[-70.983984,42.321317],[-70.985667,42.318733],[-70.988774,42.319212],[-70.988903,42.32371],[-70.991621,42.326294],[-70.989162,42.328304]]],[[[-70.940749,42.328139],[-70.937248,42.3275],[-70.934947,42.326807],[-70.936544,42.324866],[-70.939854,42.324245],[-70.942948,42.325695],[-70.94278,42.327181],[-70.940749,42.328139]]],[[[-70.892296,42.328394],[-70.888954,42.328902],[-70.888775,42.328461],[-70.889151,42.32774],[-70.891952,42.327231],[-70.892492,42.32803],[-70.892296,42.328394]]],[[[-70.922598,42.326144],[-70.924716,42.32488],[-70.925883,42.324944],[-70.92679,42.32536],[-70.927698,42.327341],[-70.929383,42.328171],[-70.931414,42.328267],[-70.93211,42.328915],[-70.931025,42.329673],[-70.930809,42.331015],[-70.931241,42.331909],[-70.932464,42.332228],[-70.931758,42.333116],[-70.929717,42.333973],[-70.928692,42.332324],[-70.923068,42.32699],[-70.922598,42.326144]]],[[[-70.895013,42.333807],[-70.89608,42.330355],[-70.898586,42.330501],[-70.897259,42.332644],[-70.897063,42.333952],[-70.896031,42.334715],[-70.894065,42.33498],[-70.893967,42.334497],[-70.895013,42.333807]]],[[[-70.891804,42.338129],[-70.891755,42.338856],[-70.88861,42.339655],[-70.886251,42.339946],[-70.884777,42.339328],[-70.885956,42.338456],[-70.891804,42.338129]]],[[[-70.898407,42.340266],[-70.89721,42.343324],[-70.8956,42.343892],[-70.894605,42.342379],[-70.894605,42.340309],[-70.895156,42.338879],[-70.896714,42.338475],[-70.898407,42.340266]]],[[[-70.873953,42.343634],[-70.874386,42.342675],[-70.87605,42.341229],[-70.880621,42.341163],[-70.883465,42.340035],[-70.883352,42.340491],[-70.880207,42.342307],[-70.877583,42.34287],[-70.877166,42.343304],[-70.873953,42.343634]]],[[[-70.83357,42.48287],[-70.833465,42.481995],[-70.835355,42.482255],[-70.835581,42.483833],[-70.834286,42.485337],[-70.833705,42.485272],[-70.833,42.484187],[-70.83396,42.483545],[-70.83405,42.483191],[-70.83357,42.48287]]],[[[-70.812665,42.510117],[-70.81407,42.510401],[-70.817433,42.514027],[-70.816396,42.514606],[-70.812062,42.511992],[-70.811928,42.510907],[-70.812665,42.510117]]],[[[-70.782252,42.533716],[-70.784275,42.532494],[-70.78491,42.532544],[-70.785617,42.531206],[-70.786491,42.530827],[-70.787708,42.530579],[-70.788669,42.530915],[-70.789403,42.531931],[-70.788239,42.536836],[-70.787031,42.537295],[-70.78559,42.536978],[-70.783006,42.535481],[-70.782252,42.533716]]],[[[-70.794397,42.548038],[-70.796669,42.546459],[-70.800065,42.547704],[-70.802091,42.547188],[-70.80334,42.548299],[-70.802228,42.551048],[-70.801634,42.551474],[-70.79938,42.551238],[-70.798512,42.549757],[-70.797568,42.549712],[-70.796273,42.551126],[-70.79503,42.550678],[-70.794397,42.548038]]],[[[-70.780695,42.553641],[-70.780991,42.552408],[-70.782303,42.551834],[-70.783239,42.552342],[-70.783055,42.553461],[-70.781606,42.554016],[-70.780695,42.553641]]],[[[-70.720898,42.56673],[-70.721656,42.566088],[-70.723736,42.567019],[-70.723148,42.568157],[-70.721223,42.569933],[-70.72064,42.569659],[-70.720476,42.568882],[-70.721151,42.567764],[-70.720898,42.56673]]],[[[-70.624918,42.975877],[-70.627759,42.975383],[-70.627963,42.975779],[-70.62734,42.977718],[-70.626852,42.978155],[-70.625658,42.978056],[-70.624278,42.976661],[-70.624918,42.975877]]],[[[-70.246552,41.306186],[-70.24281,41.303384],[-70.241875,41.299801],[-70.240249,41.2974],[-70.239816,41.295823],[-70.242495,41.294222],[-70.243287,41.293124],[-70.242617,41.290562],[-70.242739,41.28919],[-70.244322,41.288138],[-70.24767,41.288641],[-70.252541,41.293033],[-70.255951,41.294954],[-70.259665,41.296006],[-70.261553,41.297653],[-70.268616,41.30177],[-70.276653,41.308631],[-70.277262,41.310506],[-70.276653,41.311283],[-70.272999,41.310872],[-70.271051,41.311238],[-70.26295,41.311452],[-70.246552,41.306186]]],[[[-70.20173,41.276544],[-70.193886,41.280295],[-70.191747,41.286546],[-70.195788,41.290654],[-70.202205,41.287975],[-70.207434,41.288689],[-70.205692,41.291246],[-70.199115,41.29619],[-70.193411,41.296726],[-70.186991,41.294513],[-70.12446,41.293851],[-70.109613,41.295379],[-70.104415,41.297327],[-70.092142,41.297741],[-70.082072,41.299093],[-70.062565,41.308726],[-70.046088,41.321651],[-70.031332,41.339332],[-70.024421,41.360622],[-70.024031,41.368613],[-70.034641,41.378994],[-70.041517,41.381539],[-70.045586,41.383598],[-70.049564,41.3879],[-70.049053,41.391702],[-70.04274,41.389311],[-70.037371,41.384066],[-70.02038,41.369006],[-69.960277,41.278731],[-69.960181,41.264546],[-69.964129,41.255382],[-69.968088,41.250978],[-69.974983,41.246528],[-70.001603,41.239916],[-70.015225,41.237964],[-70.05318,41.244026],[-70.083489,41.244775],[-70.092404,41.24332],[-70.097861,41.241149],[-70.100495,41.240553],[-70.118669,41.242351],[-70.170356,41.257428],[-70.22134,41.277039],[-70.237144,41.285117],[-70.234054,41.285653],[-70.221219,41.281903],[-70.21504,41.279581],[-70.211712,41.275651],[-70.20173,41.276544]]],[[[-70.29086,41.333663],[-70.307001,41.332391],[-70.309245,41.334579],[-70.30897,41.336057],[-70.308104,41.337683],[-70.304319,41.33842],[-70.297204,41.337681],[-70.292027,41.337788],[-70.289719,41.336323],[-70.289325,41.335022],[-70.29086,41.333663]]],[[[-70.588037,42.626413],[-70.591607,42.627503],[-70.592189,42.629471],[-70.588245,42.630605],[-70.586819,42.628157],[-70.588037,42.626413]]],[[[-70.573377,42.639507],[-70.573509,42.636376],[-70.575648,42.634452],[-70.57871,42.634548],[-70.580285,42.636025],[-70.575088,42.63978],[-70.573377,42.639507]]],[[[-70.593681,42.660455],[-70.592951,42.661198],[-70.591064,42.661312],[-70.589252,42.662745],[-70.588105,42.662642],[-70.587568,42.661908],[-70.590001,42.658981],[-70.593092,42.659308],[-70.593681,42.660455]]],[[[-70.622459,42.967479],[-70.623549,42.966883],[-70.626131,42.967704],[-70.626957,42.969377],[-70.625713,42.969477],[-70.62248,42.968207],[-70.622459,42.967479]]],[[[-70.613986,42.973349],[-70.614355,42.973921],[-70.614122,42.975454],[-70.615425,42.977202],[-70.617025,42.977182],[-70.614566,42.978599],[-70.613471,42.978016],[-70.612059,42.978056],[-70.610621,42.976407],[-70.61208,42.974594],[-70.613409,42.973408],[-70.613986,42.973349]]],[[[-70.617249,42.99202],[-70.614672,42.992914],[-70.61243,42.991814],[-70.610931,42.989028],[-70.602766,42.983383],[-70.601349,42.981083],[-70.607834,42.977764],[-70.618523,42.985657],[-70.617249,42.99202]]],[[[-70.245499,43.539635],[-70.238002,43.547295],[-70.224401,43.547199],[-70.229319,43.54391],[-70.226326,43.542197],[-70.227842,43.538261],[-70.234675,43.537303],[-70.245499,43.539635]]],[[[-70.203497,43.646052],[-70.20225,43.645203],[-70.200203,43.64613],[-70.197462,43.644633],[-70.194229,43.645613],[-70.192605,43.646958],[-70.190704,43.645582],[-70.197405,43.638743],[-70.205934,43.633633],[-70.20701,43.634288],[-70.206713,43.636544],[-70.205581,43.63802],[-70.205941,43.638429],[-70.205715,43.638866],[-70.206022,43.639327],[-70.207352,43.639649],[-70.208235,43.639406],[-70.210082,43.640492],[-70.20973,43.641477],[-70.207295,43.642731],[-70.206867,43.643564],[-70.207374,43.644553],[-70.203426,43.647186],[-70.202775,43.647011],[-70.203497,43.646052]]],[[[-70.1821330758975,43.6737607840638],[-70.182147,43.665702],[-70.17718,43.663447],[-70.176664,43.659768],[-70.179592,43.655384],[-70.184049,43.651086],[-70.190229,43.651602],[-70.194982,43.649882],[-70.199736,43.649366],[-70.201162,43.651945],[-70.199498,43.654525],[-70.200686,43.662951],[-70.197834,43.663123],[-70.193794,43.668109],[-70.189753,43.670688],[-70.187139,43.673954],[-70.183098,43.675157],[-70.1821330758975,43.6737607840638]]],[[[-70.182385,43.69183],[-70.186426,43.686674],[-70.187852,43.683752],[-70.189278,43.679111],[-70.193081,43.673438],[-70.200211,43.670516],[-70.203539,43.666733],[-70.210825,43.661695],[-70.21313,43.662973],[-70.213948,43.666161],[-70.206153,43.671719],[-70.204951,43.681855],[-70.201893,43.685483],[-70.196535,43.688784],[-70.192605,43.689767],[-70.182147,43.694923],[-70.182385,43.69183]]],[[[-70.101227,43.675468],[-70.09285,43.687836],[-70.087257,43.691029],[-70.088455,43.681454],[-70.096039,43.672276],[-70.101227,43.675468]]],[[[-70.135563,43.700658],[-70.139127,43.699219],[-70.140268,43.695758],[-70.145498,43.690312],[-70.153864,43.686158],[-70.151724,43.681689],[-70.154503,43.680933],[-70.160115,43.678562],[-70.163371,43.678595],[-70.168227,43.675136],[-70.170284,43.675441],[-70.169075,43.678767],[-70.173353,43.680314],[-70.173571,43.683734],[-70.171339,43.687546],[-70.163884,43.692404],[-70.156787,43.694706],[-70.146115,43.701635],[-70.140553,43.707639],[-70.137701,43.70592],[-70.133661,43.702312],[-70.135563,43.700658]]],[[[-70.091929,43.698111],[-70.087621,43.699913],[-70.093704,43.6918],[-70.099594,43.695366],[-70.104426,43.694579],[-70.115908,43.682978],[-70.118291,43.683343],[-70.118174,43.686375],[-70.115961,43.689202],[-70.103475,43.700938],[-70.100683,43.705962],[-70.095727,43.709278],[-70.093113,43.710524],[-70.092137,43.709468],[-70.097184,43.700929],[-70.091929,43.698111]]],[[[-70.123678,43.701453],[-70.12249,43.704374],[-70.118687,43.70781],[-70.115835,43.7097],[-70.111794,43.710044],[-70.112032,43.707467],[-70.122252,43.700078],[-70.123678,43.701453]]],[[[-70.148747,43.708805],[-70.152755,43.711017],[-70.153183,43.712642],[-70.148976,43.714554],[-70.14689,43.714389],[-70.145188,43.714719],[-70.144459,43.713522],[-70.1467,43.708891],[-70.148747,43.708805]]],[[[-70.071304,43.713772],[-70.079285,43.706989],[-70.081609,43.712621],[-70.078757,43.715198],[-70.072098,43.718956],[-70.071304,43.713772]]],[[[-70.079707,43.720867],[-70.081609,43.716057],[-70.084223,43.714167],[-70.088264,43.712965],[-70.08969,43.715026],[-70.083748,43.720523],[-70.079707,43.720867]]],[[[-70.196646,43.715198],[-70.194031,43.717431],[-70.190466,43.722241],[-70.186663,43.723272],[-70.18595,43.721039],[-70.189515,43.716572],[-70.192843,43.71348],[-70.197121,43.711247],[-70.196646,43.715198]]],[[[-70.040015,43.728768],[-70.040253,43.726707],[-70.044055,43.723272],[-70.04667,43.72018],[-70.049047,43.722756],[-70.042867,43.728253],[-70.040015,43.728768]]],[[[-70.09587,43.721554],[-70.09682,43.722584],[-70.096107,43.72413],[-70.091354,43.728424],[-70.090403,43.731344],[-70.086362,43.732375],[-70.085412,43.730829],[-70.087789,43.728596],[-70.089452,43.726363],[-70.09587,43.721554]]],[[[-70.10341,43.756111],[-70.097829,43.758502],[-70.096126,43.757238],[-70.098339,43.752851],[-70.09685,43.750356],[-70.097494,43.748344],[-70.100874,43.746131],[-70.103691,43.740497],[-70.107152,43.737116],[-70.107836,43.73442],[-70.111096,43.730678],[-70.107334,43.725414],[-70.110526,43.72181],[-70.111712,43.724631],[-70.114618,43.724372],[-70.116784,43.722944],[-70.117059,43.721407],[-70.115741,43.720858],[-70.114973,43.718992],[-70.115357,43.717235],[-70.1192,43.716302],[-70.120682,43.712569],[-70.127159,43.708288],[-70.128147,43.708562],[-70.128147,43.710538],[-70.125404,43.711639],[-70.123824,43.712887],[-70.124191,43.713949],[-70.126226,43.715259],[-70.123756,43.718827],[-70.126775,43.720748],[-70.132977,43.718607],[-70.137204,43.720913],[-70.138302,43.725194],[-70.138137,43.727555],[-70.129353,43.736831],[-70.125818,43.745451],[-70.123524,43.745657],[-70.121313,43.748261],[-70.117841,43.74793],[-70.115031,43.74915],[-70.107922,43.74791],[-70.10341,43.756111]]],[[[-70.184524,43.73684],[-70.188565,43.73684],[-70.187614,43.739416],[-70.184287,43.742506],[-70.176681,43.745426],[-70.178345,43.740618],[-70.179771,43.739244],[-70.18191,43.739244],[-70.184524,43.73684]]],[[[-70.046165,43.757259],[-70.061325,43.7421],[-70.061236,43.746285],[-70.051186,43.756757],[-70.049997,43.761049],[-70.044769,43.764825],[-70.04377,43.763641],[-70.046165,43.757259]]],[[[-70.127243,43.773235],[-70.12236,43.774952],[-70.120351,43.77272],[-70.125104,43.770661],[-70.130809,43.770832],[-70.132948,43.767571],[-70.133898,43.763967],[-70.120113,43.765168],[-70.115359,43.764653],[-70.118212,43.762079],[-70.122014,43.760877],[-70.123441,43.757615],[-70.128432,43.75504],[-70.135087,43.753152],[-70.138177,43.754525],[-70.141504,43.749546],[-70.146971,43.74989],[-70.151833,43.746542],[-70.15315,43.747314],[-70.153626,43.750233],[-70.15746,43.748658],[-70.160281,43.749718],[-70.145545,43.76122],[-70.146971,43.766713],[-70.145545,43.775809],[-70.138177,43.774951],[-70.131786,43.774935],[-70.12653,43.779585],[-70.124407,43.777226],[-70.127243,43.773235]]],[[[-70.060455,43.760019],[-70.062594,43.759675],[-70.059267,43.765512],[-70.060218,43.767228],[-70.057366,43.770661],[-70.054989,43.770661],[-70.055464,43.768258],[-70.053325,43.765168],[-70.060455,43.760019]]],[[[-70.111026,43.780345],[-70.114646,43.780615],[-70.105474,43.785587],[-70.102287,43.783875],[-70.096039,43.78838],[-70.089653,43.785187],[-70.10202,43.77681],[-70.106626,43.778618],[-70.105615,43.782159],[-70.111026,43.780345]]],[[[-70.071626,43.787478],[-70.063545,43.789023],[-70.06307,43.78765],[-70.06925,43.783875],[-70.071864,43.780271],[-70.074478,43.779928],[-70.074003,43.785076],[-70.071626,43.787478]]],[[[-70.122214,43.793777],[-70.122132,43.792979],[-70.124917,43.790768],[-70.13083,43.79024],[-70.131902,43.790825],[-70.131442,43.79164],[-70.123434,43.793907],[-70.122214,43.793777]]],[[[-70.078757,43.796743],[-70.070913,43.803262],[-70.066635,43.804291],[-70.065922,43.80189],[-70.066635,43.799488],[-70.069963,43.796743],[-70.073765,43.795714],[-70.078281,43.795371],[-70.078757,43.796743]]],[[[-69.754324,43.710044],[-69.754086,43.707123],[-69.757176,43.703343],[-69.760028,43.705577],[-69.760309,43.710438],[-69.75904,43.713053],[-69.754324,43.710044]]],[[[-70.031221,43.714683],[-70.036212,43.712621],[-70.037638,43.714854],[-70.032171,43.7231],[-70.028844,43.726363],[-70.025516,43.726192],[-70.021001,43.724646],[-70.027418,43.717775],[-70.031221,43.714683]]],[[[-69.937337,43.730829],[-69.934291,43.726666],[-69.931158,43.72413],[-69.935198,43.723443],[-69.939009,43.723825],[-69.941595,43.726844],[-69.941532,43.730068],[-69.937337,43.730829]]],[[[-69.300376,43.772144],[-69.300818,43.768599],[-69.314325,43.756707],[-69.322559,43.755883],[-69.323569,43.758994],[-69.321141,43.765763],[-69.313631,43.772762],[-69.307908,43.773767],[-69.306751,43.775095],[-69.302995,43.774591],[-69.300376,43.772144]]],[[[-69.609577,43.771176],[-69.609795,43.764751],[-69.609339,43.762079],[-69.61198,43.758901],[-69.611608,43.754473],[-69.613956,43.751084],[-69.61742,43.75298],[-69.618846,43.757444],[-69.61647,43.761907],[-69.61338,43.769288],[-69.612904,43.774608],[-69.610765,43.778899],[-69.605299,43.780271],[-69.60411,43.778212],[-69.609577,43.771176]]],[[[-69.586238,43.779873],[-69.582924,43.779096],[-69.581531,43.771862],[-69.584621,43.772205],[-69.588186,43.770489],[-69.588899,43.77478],[-69.586238,43.779873]]],[[[-70.03223,43.800461],[-70.035499,43.795028],[-70.041203,43.790567],[-70.039064,43.785076],[-70.042392,43.782502],[-70.046562,43.781998],[-70.048561,43.790375],[-70.048809,43.792969],[-70.046165,43.79636],[-70.036925,43.801375],[-70.033835,43.809265],[-70.029808,43.811123],[-70.027016,43.809128],[-70.028606,43.803777],[-70.03223,43.800461]]],[[[-69.599594,43.790738],[-69.603025,43.790295],[-69.601258,43.798802],[-69.599602,43.803263],[-69.59389,43.80412],[-69.595652,43.801341],[-69.596913,43.796963],[-69.598848,43.79391],[-69.599594,43.790738]]],[[[-69.630198,43.8141],[-69.628789,43.81372],[-69.628305,43.81121],[-69.626497,43.808098],[-69.626732,43.805159],[-69.634127,43.803491],[-69.635667,43.805437],[-69.633058,43.807505],[-69.633214,43.80829],[-69.635088,43.808356],[-69.635511,43.809251],[-69.63418,43.810577],[-69.632925,43.811073],[-69.633001,43.81258],[-69.630198,43.8141]]],[[[-69.996757,43.8247],[-69.996995,43.8223],[-70.004125,43.814925],[-70.009354,43.811324],[-70.013157,43.810295],[-70.014821,43.811152],[-70.014108,43.814239],[-70.018861,43.814582],[-70.017911,43.816983],[-70.015059,43.820413],[-70.014346,43.823157],[-70.005314,43.827444],[-69.999847,43.829502],[-70.000085,43.825729],[-69.998421,43.824186],[-69.996757,43.8247]]],[[[-68.878141,43.833968],[-68.883616,43.832245],[-68.886725,43.822195],[-68.891428,43.820242],[-68.898319,43.820987],[-68.899108,43.821925],[-68.894755,43.826244],[-68.89368,43.833047],[-68.891091,43.835522],[-68.886885,43.835826],[-68.884313,43.838296],[-68.877642,43.838417],[-68.876224,43.836597],[-68.878141,43.833968]]],[[[-69.99747,43.832931],[-69.99034,43.842531],[-69.986537,43.84356],[-69.985824,43.841503],[-69.988914,43.837045],[-69.987725,43.834988],[-69.99034,43.831902],[-69.99343,43.831902],[-69.99747,43.832931]]],[[[-68.818424,43.851383],[-68.821215,43.849668],[-68.824086,43.846737],[-68.826541,43.847674],[-68.815845,43.861557],[-68.811157,43.860213],[-68.809666,43.856929],[-68.812974,43.855633],[-68.816254,43.85499],[-68.818424,43.851383]]],[[[-68.887026,43.874053],[-68.881683,43.868582],[-68.879198,43.862907],[-68.878831,43.8583],[-68.88192,43.859843],[-68.883559,43.856519],[-68.886436,43.85453],[-68.889526,43.855558],[-68.892176,43.854222],[-68.891428,43.850931],[-68.895903,43.85103],[-68.896181,43.848531],[-68.900459,43.848702],[-68.903074,43.848188],[-68.907704,43.849347],[-68.905926,43.853844],[-68.901589,43.857877],[-68.901292,43.8611],[-68.902008,43.862857],[-68.900697,43.865841],[-68.902377,43.869169],[-68.896181,43.873037],[-68.890073,43.875496],[-68.887026,43.874053]]],[[[-69.282501,43.864579],[-69.285599,43.863345],[-69.288949,43.863986],[-69.295364,43.862585],[-69.298216,43.864984],[-69.296553,43.871324],[-69.297028,43.873209],[-69.295602,43.87595],[-69.292741,43.875233],[-69.291418,43.871578],[-69.287521,43.873037],[-69.28348,43.873723],[-69.282767,43.86961],[-69.282501,43.864579]]],[[[-69.308262,43.866571],[-69.310829,43.859486],[-69.315963,43.856916],[-69.321031,43.856708],[-69.323508,43.860573],[-69.319132,43.866869],[-69.317231,43.875607],[-69.318565,43.879711],[-69.315245,43.882835],[-69.312181,43.881619],[-69.310338,43.878349],[-69.305882,43.877418],[-69.308262,43.866571]]],[[[-69.1191,43.8953],[-69.120781,43.890319],[-69.120473,43.887978],[-69.122452,43.880576],[-69.125304,43.877835],[-69.125542,43.873551],[-69.120551,43.871667],[-69.122215,43.868582],[-69.127577,43.870152],[-69.13038,43.868447],[-69.13247,43.871263],[-69.129583,43.876807],[-69.130758,43.879413],[-69.128104,43.88755],[-69.128553,43.889941],[-69.127919,43.894965],[-69.124769,43.897364],[-69.118938,43.898262],[-69.1191,43.8953]]],[[[-68.734384,43.892612],[-68.733296,43.893585],[-68.731733,43.893489],[-68.731344,43.890259],[-68.733145,43.888176],[-68.737874,43.887257],[-68.740726,43.88604],[-68.741836,43.88301],[-68.744104,43.88255],[-68.746956,43.883199],[-68.748044,43.884011],[-68.74932,43.883903],[-68.750596,43.882848],[-68.751497,43.884119],[-68.751159,43.88539],[-68.74902,43.886094],[-68.747106,43.885417],[-68.743691,43.885634],[-68.742227,43.887392],[-68.740126,43.888393],[-68.735547,43.889529],[-68.733746,43.890908],[-68.734384,43.892612]]],[[[-69.314141,43.895307],[-69.317231,43.896848],[-69.319132,43.896677],[-69.321622,43.898857],[-69.322935,43.901644],[-69.317706,43.90387],[-69.314101,43.902272],[-69.308674,43.895136],[-69.307961,43.891025],[-69.310338,43.889997],[-69.313666,43.891196],[-69.314141,43.895307]]],[[[-69.012882,43.904726],[-69.014546,43.908665],[-69.007802,43.907278],[-69.005195,43.904064],[-69.004801,43.901301],[-69.011218,43.89976],[-69.012882,43.900959],[-69.012882,43.904726]]],[[[-69.384289,43.89811],[-69.383068,43.90113],[-69.384717,43.909183],[-69.381779,43.910651],[-69.379561,43.913873],[-69.37166,43.914487],[-69.370905,43.912745],[-69.374036,43.907295],[-69.379124,43.902093],[-69.383544,43.89565],[-69.384289,43.89811]]],[[[-69.31552,43.913613],[-69.314666,43.917285],[-69.311758,43.919107],[-69.307401,43.91811],[-69.30621,43.91525],[-69.307428,43.910876],[-69.307237,43.908693],[-69.309863,43.906268],[-69.312267,43.908481],[-69.31552,43.913613]]],[[[-69.029757,43.915343],[-69.032372,43.912946],[-69.035462,43.911405],[-69.037601,43.913459],[-69.037601,43.916199],[-69.031659,43.916884],[-69.029757,43.915343]]],[[[-69.42799,43.922191],[-69.426801,43.924416],[-69.422048,43.923047],[-69.423046,43.919793],[-69.422558,43.917004],[-69.424489,43.914399],[-69.427277,43.912261],[-69.42894,43.916541],[-69.42799,43.922191]]],[[[-69.215136,43.918821],[-69.217518,43.91643],[-69.220195,43.914937],[-69.22513,43.915343],[-69.227507,43.916199],[-69.225843,43.918767],[-69.224179,43.923561],[-69.222516,43.925444],[-69.217762,43.925615],[-69.215848,43.924339],[-69.212939,43.921404],[-69.213324,43.919837],[-69.215136,43.918821]]],[[[-69.340576,43.933846],[-69.343552,43.925518],[-69.346465,43.922533],[-69.351875,43.922543],[-69.351694,43.927155],[-69.343138,43.934858],[-69.340576,43.933846]]],[[[-69.429178,43.944614],[-69.422998,43.941875],[-69.420146,43.935885],[-69.424151,43.934114],[-69.42565,43.930357],[-69.42792,43.928798],[-69.431555,43.920308],[-69.438066,43.909539],[-69.442519,43.909055],[-69.441894,43.916331],[-69.438258,43.931099],[-69.439398,43.939137],[-69.433932,43.946325],[-69.435595,43.949063],[-69.432981,43.952143],[-69.430455,43.951094],[-69.429178,43.944614]]],[[[-69.299336,43.932915],[-69.300726,43.934866],[-69.300333,43.937055],[-69.29679,43.940506],[-69.292988,43.942389],[-69.292037,43.935543],[-69.285857,43.931435],[-69.288947,43.931093],[-69.292988,43.933318],[-69.296077,43.932804],[-69.299336,43.932915]]],[[[-69.396854,43.95796],[-69.395655,43.960565],[-69.394828,43.964867],[-69.392813,43.96583],[-69.387346,43.967199],[-69.387346,43.965146],[-69.391473,43.957662],[-69.393288,43.95642],[-69.396854,43.95796]]],[[[-69.07254,43.978659],[-69.078482,43.973015],[-69.083126,43.981522],[-69.077531,43.984132],[-69.072798,43.98121],[-69.07254,43.978659]]],[[[-69.069635,43.985912],[-69.074441,43.985671],[-69.078006,43.986184],[-69.084424,43.984303],[-69.088464,43.981395],[-69.093118,43.97915],[-69.096302,43.979293],[-69.09607,43.983961],[-69.089415,43.986697],[-69.080858,43.98892],[-69.075867,43.991143],[-69.066598,43.996957],[-69.065409,43.994392],[-69.069635,43.985912]]],[[[-69.04957712157153,44.0],[-69.054714,43.992853],[-69.057566,43.994563],[-69.0620536384908,44.0],[-69.04957712157153,44.0]]],[[[-69.125878,43.995992],[-69.12725619889503,44.0],[-69.11004936860068,44.0],[-69.109855,43.998325],[-69.113183,43.994563],[-69.125878,43.995992]]]]}}